190101,4.76,7.61,14.936,22.297,26.313,14.232,2.1961,14.688,3.8072,2.68,40.884
190102,5.43,10.705,18.331,25.991,32.97,15.132,1.0001,15.286,1.0259,3.59,3.429
190103,6.77,14.939,23.064,31.19,36.743,16.57,1.0026,16.251,0,5.08,6.547
190104,7.75,20.898,28.187,35.479,37.167,20.767,2.4857,14.581,0,6.23,24.476
190105,7.35,22.697,28.454,34.246,50.892,26.897,3.9598,11.549,0,6.02,47.154
190106,6.54,25.195,29.689,34.248,67.955,33.516,8.9463,9.053,0,5.63,302.594
190107,5.55,25.131,28.596,32.127,77.954,32.892,11.46,6.996,0,4.77,254.565
190108,5.27,25.063,28.495,31.961,75.454,33.625,12.5601,6.897,0,4.49,348.975
190109,5.14,23.995,27.861,31.727,67.955,32.127,8.7757,7.732,0,4.17,197.206
190110,5.46,21.93,26.896,31.927,44.219,26.364,3.0532,9.997,0,3.9,56.787
190111,5.42,14.507,21.333,28.165,29.235,19.003,1.3587,13.658,0,3.3,20.371
190112,4.76,9.642,17.003,24.366,28.814,15.468,0.9296,14.724,1.4068,2.7,1.261
190201,4.86,9.645,16.97,24.332,26.313,14.967,0.0072,14.688,0,2.85,0.007
190202,5.46,10.906,18.532,26.193,32.97,15.133,0.0036,15.286,0.1932,3.61,0.004
190203,6.92,16.4,24.526,32.654,36.743,17.667,1.273,16.251,0,5.26,24.327
190204,7.67,19.063,26.352,33.642,37.167,19.77,2.951,14.581,0,5.98,62.518
190205,7.32,22.898,28.654,34.446,50.892,26.797,4.6147,11.549,0,6.05,67.136
190206,6.52,24.529,29.023,33.583,67.955,31.858,9.2334,9.053,0,5.54,261.115
190207,5.51,24.765,28.232,31.762,77.954,32.956,16.214,6.996,0,4.73,455.877
190208,5.27,25.431,28.863,32.329,75.454,33.723,11.5144,6.897,0,4.53,280.004
190209,5.18,23.996,27.862,31.728,67.955,32.127,11.5568,7.732,0,4.17,450.798
190210,5.43,20.464,25.494,30.525,44.219,26.364,2.5678,9.997,0,3.8,47.283
190211,5.37,14.139,20.967,27.798,29.235,18.505,0.009,13.658,0,3.27,0.009
190212,4.76,9.245,16.606,23.968,28.814,14.403,0.0109,14.724,2.0336,2.67,0.01
190301,4.77,8.206,15.531,22.893,26.313,14.266,1.0101,14.688,2.9599,2.73,6.438
190302,5.42,10.037,17.696,25.357,32.97,14.968,1.0001,15.286,1.5113,3.53,8.912
190303,6.73,14.334,22.461,30.588,36.743,15.673,1.3362,16.251,0,5,15.446
190304,7.68,20.296,27.585,34.874,37.167,20.633,2.3177,14.581,0,6.15,52.954
190305,7.41,23.357,29.113,34.905,50.892,27.764,5.4626,11.549,0,6.11,133.438
190306,6.48,23.998,28.491,33.05,67.955,31.619,11.5393,9.053,0,5.48,475.988
190307,5.55,25.696,29.162,32.691,77.954,33.978,10.3279,6.996,0,4.84,193.747
190308,5.26,24.73,28.163,31.628,75.454,33.689,13.3163,6.897,0,4.45,346.029
190309,5.15,24.295,28.161,32.027,67.955,32.127,8.3924,7.732,0,4.2,241.389
190310,5.46,21.666,26.632,31.663,44.219,26.364,4.4678,9.997,0,3.88,126.871
190311,5.42,14.545,21.373,28.203,29.235,19.002,1.0134,13.658,0,3.3,10.222
190312,4.78,9.611,16.972,24.333,28.814,15.104,0.0054,14.724,1.6069,2.69,0.005
190401,4.8,8.771,16.097,23.459,26.313,14.266,0.765,14.688,2.2698,2.77,0.764
190402,5.45,10.67,18.297,25.956,32.97,15.23,1.0001,15.286,0.5212,3.59,9.986
190403,6.81,15.438,23.562,31.689,36.743,16.57,1.5626,16.251,0,5.14,23.432
190404,7.75,20.426,27.716,35.005,37.167,20.867,1.4718,14.581,0,6.16,32.535
190405,7.32,21.76,27.518,33.309,50.892,25.594,10.659,11.549,0,5.91,388.433
190406,6.48,24.032,28.527,33.086,67.955,31.858,10.1076,9.053,0,5.48,261.455
190407,5.49,24.365,27.897,31.364,77.954,32.892,14.1762,6.996,0,4.7,397.791
190408,5.24,25.063,28.494,31.961,75.454,33.625,12.6411,6.897,0,4.49,297.315
190409,5.17,24.129,27.995,31.861,67.955,32.127,7.5316,7.732,0,4.19,173.67
190410,5.46,20.964,25.996,31.026,44.219,26.364,2.6663,9.997,0,3.84,36.245
190411,5.36,13.842,20.671,27.499,29.235,18.304,1.0433,13.658,0,3.24,11.525
190412,4.81,9.909,17.27,24.633,28.814,15.466,0.4362,14.724,1.0721,2.72,0.437
190501,4.8,7.538,14.867,22.228,26.313,13.468,1.0101,14.688,4.2761,2.67,10.188
190502,5.23,7.14,14.765,22.426,32.97,12.632,1.1891,15.286,3.7638,3.24,16.345
190503,6.62,12.87,20.996,29.123,36.743,14.94,1.4991,16.251,0.01,4.82,30.383
190504,7.5,17.497,24.787,32.078,37.167,18.372,2.5726,14.581,0.01,5.77,38.788
190505,7.2,21.7,27.456,33.248,50.892,26.366,6.4327,11.549,0,5.89,169.17
190506,6.52,25.193,29.685,34.245,67.955,32.219,5.5316,9.053,0,5.63,91.076
190507,5.56,24.831,28.298,31.829,77.954,32.89,16.8776,6.996,0,4.74,534.328
190508,5.23,24.263,27.695,31.161,75.454,33.625,13.4275,6.897,0,4.41,472.995
190509,5.12,23.898,27.763,31.629,67.955,32.127,10.1903,7.732,0,4.17,282.832
190510,5.43,21.331,26.298,31.329,44.219,26.364,2.614,9.997,0,3.86,40.9
190511,5.42,14.877,21.706,28.537,29.235,19.003,0.8731,13.658,0,3.32,0.926
190512,4.81,9.844,17.206,24.568,28.814,15.337,1.0022,14.724,1.1983,2.72,2.874
190601,4.79,8.143,15.469,22.83,26.313,14.069,1.0106,14.688,3.0546,2.72,10.515
190602,5.42,9.772,17.433,25.059,32.97,15.093,1.8277,15.286,1.4544,3.5,36.373
190603,6.65,13.339,21.464,29.591,36.743,15.67,1.806,16.251,0,4.87,23.02
190604,7.67,20.562,27.851,35.142,37.167,20.7,1.8785,14.581,0,6.18,12.526
190605,7.4,23.26,29.019,34.808,50.892,26.895,4.498,11.549,0,6.09,106.187
190606,6.51,24.43,28.923,33.483,67.955,31.859,9.5379,9.053,0,5.53,250.02
190607,5.56,25.232,28.698,32.229,77.954,33.057,16.9877,6.996,0,4.78,494.987
190608,5.23,24.429,27.861,31.327,75.454,33.689,11.5492,6.897,0,4.42,270.683
190609,5.17,24.697,28.562,32.428,67.955,32.127,8.4936,7.732,0,4.25,163.14
190610,5.44,21.13,26.095,31.126,44.219,26.364,4.4644,9.997,0,3.84,168.761
190611,5.4,14.947,21.774,28.604,29.235,19.003,1.0068,13.658,0,3.33,3.383
190612,4.8,10.376,17.737,25.099,28.814,15.467,0.0054,14.724,0.5636,2.76,0.005
190701,4.9,9.741,17.067,24.429,26.313,14.396,1.1152,14.688,0,2.85,14.793
190702,5.5,9.908,17.567,25.228,32.97,14.967,1.4153,15.286,1.3439,3.52,22.812
190703,6.66,12.573,20.698,28.824,36.743,14.175,2.1726,16.251,0.01,4.77,35.993
190704,7.53,18.032,25.323,32.612,37.167,18.605,3.1174,14.581,0.01,5.84,46.165
190705,7.28,22.195,27.953,33.743,50.892,26.962,5.2547,11.549,0,5.96,85.157
190706,6.48,24.196,28.69,33.249,67.955,31.859,11.632,9.053,0,5.49,383.21
190707,5.5,24.831,28.296,31.828,77.954,32.993,13.3866,6.996,0,4.74,330.085
190708,5.28,25.531,28.996,32.429,75.454,33.689,11.5353,6.897,0,4.53,261.005
190709,5.17,24.193,28.059,31.925,67.955,32.127,9.6915,7.732,0,4.2,309.5
190710,5.47,21.431,26.461,31.493,44.219,26.364,2.1986,9.997,0,3.88,45.885
190711,5.41,14.576,21.403,28.235,29.235,19.003,0.0054,13.658,0,3.3,0.005
190712,4.81,9.744,17.105,24.467,28.814,14.939,1.0019,14.724,1.2761,2.71,1.502
190801,4.73,7.479,14.803,22.166,26.313,13.464,1.0101,14.688,4.3567,2.67,7.031
190802,5.39,10.207,17.833,25.491,32.97,15.23,1.3608,15.286,1.166,3.54,19.594
190803,6.74,15.236,23.361,31.489,36.743,16.57,1.0177,16.251,0,5.11,7.072
190804,7.82,22.26,29.55,36.839,37.167,22.949,1.3154,14.581,0,6.41,12.178
190805,7.43,23.025,28.815,34.607,50.892,26.962,4.8875,11.549,0,6.08,96.045
190806,6.54,24.732,29.226,33.785,67.955,31.858,8.6874,9.053,0,5.57,247.591
190807,5.53,24.9,28.431,31.898,77.954,32.89,14.7194,6.996,0,4.75,355.327
190808,5.29,25.495,28.96,32.426,75.454,33.625,12.4931,6.897,0,4.54,300.664
190809,5.17,24.196,28.06,31.928,67.955,32.127,7.6967,7.732,0,4.2,177.754
190810,5.47,21.464,26.495,31.526,44.219,26.364,1.7953,9.997,0,3.88,32.012
190811,5.4,14.142,20.969,27.8,29.235,18.407,0.6056,13.658,0,3.27,0.631
190812,4.74,9.211,16.572,23.934,28.814,14.504,0.7374,14.724,2.2257,2.66,0.74
190901,4.82,9.039,16.365,23.727,26.313,14.267,1.0101,14.688,0.7048,2.8,3.552
190902,5.4,10.269,17.896,25.556,32.97,15.197,1.0001,15.286,1.5023,3.54,3.04
190903,6.92,16.639,24.763,32.891,36.743,17.569,0,16.251,0,5.28,0
190904,7.67,18.836,26.125,33.415,37.167,19.841,4.0211,14.581,0,5.94,91.526
190905,7.35,22.956,28.715,34.504,50.892,26.962,5.7118,11.549,0,6.05,79.356
190906,6.47,23.533,28.027,32.586,67.955,31.46,12.1013,9.053,0,5.42,412.411
190907,5.54,24.967,28.497,32.027,77.954,32.957,15.0186,6.996,0,4.79,438.033
190908,5.23,24.665,28.096,31.561,75.454,33.625,13.8321,6.897,0,4.44,357.365
190909,5.15,24.798,28.665,32.529,67.955,32.431,8.1529,7.732,0,4.27,270.772
190910,5.46,21.831,26.798,31.83,44.219,26.364,2.5584,9.997,0,3.89,47.383
190911,5.43,15.275,22.103,28.933,29.235,19.038,1.0032,13.658,0,3.36,1.095
190912,4.85,10.445,17.806,25.169,28.814,15.468,1.0022,14.724,0.3718,2.77,2.243
191001,4.8,8.374,15.702,23.064,26.313,14.103,1.0101,14.688,2.5757,2.74,3.361
191002,5.44,10.536,18.196,25.856,32.97,15.23,1.0001,15.286,1.176,3.58,6.802
191003,6.79,15.002,23.128,31.253,36.743,16.569,1.7056,16.251,0,5.08,23.642
191004,7.71,20.127,27.416,34.706,37.167,20.468,2.6903,14.581,0,6.12,63.364
191005,7.35,22.459,28.217,34.008,50.892,26.798,5.0723,11.549,0,6,79.464
191006,6.48,23.829,28.324,32.882,67.955,31.361,11.089,9.053,0,5.45,345.489
191007,5.5,24.064,27.594,31.126,77.954,32.99,16.6142,6.996,0.0002,4.69,522.565
191008,5.23,25.13,28.561,32.026,75.454,33.625,12.7941,6.897,0,4.5,345.974
191009,5.18,24.398,28.263,32.129,67.955,32.127,8.8495,7.732,0,4.22,210.397
191010,5.46,20.964,25.996,31.026,44.219,26.364,3.6242,9.997,0,3.84,91.474
191011,5.39,14.278,21.105,27.936,29.235,19.003,1.0765,13.658,0,3.27,7.673
191012,4.76,9.646,17.007,24.368,28.814,14.714,0.0036,14.724,1.924,2.7,0.004
191101,4.9,9.739,17.066,24.428,26.313,14.967,1.5319,14.688,0.0054,2.85,20.522
191102,5.44,9.772,17.433,25.059,32.97,14.932,0.6398,15.286,1.6976,3.5,0.646
191103,6.7,13.973,22.097,30.224,36.743,15.669,1.5359,16.251,0,4.96,20.342
191104,7.66,19.897,27.186,34.478,37.167,20.469,1.3633,14.581,0,6.09,20.013
191105,7.36,22.89,28.649,34.438,50.892,26.63,5.2258,11.549,0,6.04,102.333
191106,6.48,23.932,28.427,32.986,67.955,31.791,13.2231,9.053,0,5.47,473.782
191107,5.54,25.261,28.726,32.257,77.954,32.957,14.2572,6.996,0,4.78,361.845
191108,5.27,24.827,28.26,31.726,75.454,33.625,12.4164,6.897,0,4.47,321.991
191109,5.15,23.795,27.66,31.527,67.955,32.127,10.4031,7.732,0,4.16,322.906
191110,5.44,20.728,25.695,30.725,44.219,26.364,4.4636,9.997,0,3.8,137.843
191111,5.36,13.543,20.37,27.2,29.235,18.107,1.1097,13.658,0,3.21,14.159
191112,4.71,8.943,16.305,23.668,28.814,14.403,0.0036,14.724,2.5377,2.65,0.004
191201,4.78,8.844,16.204,23.565,26.313,14.266,1.0101,14.688,1.2019,2.79,1.559
191202,5.52,11.269,18.896,26.556,32.97,15.23,1.2304,15.286,0.0055,3.65,14.987
191203,6.8,14.301,22.426,30.552,36.743,16.099,1.206,16.251,0,5,10.994
191204,7.57,18.161,25.452,32.742,37.167,19.264,3.0686,14.581,0.01,5.86,74.908
191205,7.28,22.297,28.054,33.846,50.892,26.896,5.9026,11.549,0,5.97,120.262
191206,6.51,24.494,28.987,33.547,67.955,31.858,10.2759,9.053,0,5.54,311.77
191207,5.54,24.465,27.996,31.527,77.954,32.958,15.7006,6.996,0,4.73,466.723
191208,5.24,24.864,28.296,31.762,75.454,33.625,12.4963,6.897,0,4.47,316.23
191209,5.16,24.129,27.995,31.861,67.955,32.127,5.5322,7.732,0,4.19,99.633
191210,5.46,21.129,26.095,31.125,44.219,26.364,3.2725,9.997,0,3.84,38.955
191211,5.37,13.877,20.704,27.534,29.235,18.336,1.3056,13.658,0,3.24,12.406
191212,4.78,9.644,17.006,24.367,28.814,15.072,0.9986,14.724,1.8706,2.7,2.471
191301,4.79,8.442,15.769,23.131,26.313,14.266,0.0072,14.688,2.2754,2.75,0.007
191302,5.47,10.271,17.931,25.557,32.97,15.133,1.7962,15.286,1.1809,3.55,35.251
191303,6.63,13.136,21.26,29.387,36.743,14.872,2.0679,16.251,0.0002,4.85,32.677
191304,7.72,20.724,28.014,35.304,37.167,21.098,1.4396,14.581,0,6.2,13.252
191305,7.34,21.594,27.35,33.143,50.892,25.361,7.2622,11.549,0,5.88,157.555
191306,6.41,22.967,27.462,32.021,67.955,30.158,14.6609,9.053,0.01,5.35,610.767
191307,5.49,24.866,28.397,31.863,77.954,32.957,12.7533,6.996,0,4.75,297.03
191308,5.25,24.865,28.298,31.764,75.454,33.625,12.4418,6.897,0,4.47,364.06
191309,5.18,24.295,28.161,32.027,67.955,32.127,9.0731,7.732,0,4.2,266.187
191310,5.46,20.866,25.832,30.864,44.219,26.364,3.6119,9.997,0,3.82,66.673
191311,5.34,13.476,20.302,27.133,29.235,18.038,0.3429,13.658,0,3.21,0.343
191312,4.73,9.343,16.706,24.068,28.814,14.974,1.0043,14.724,2.0282,2.68,23.41
191401,4.8,8.841,16.167,23.528,26.313,14.266,0.0036,14.688,1.6773,2.78,0.004
191402,5.47,10.605,18.23,25.891,32.97,15.13,1.4731,15.286,0.5752,3.58,24.672
191403,6.8,14.438,22.562,30.689,36.743,16.57,1.2808,16.251,0,5.02,14.94
191404,7.56,17.997,25.287,32.578,37.167,18.561,3.1866,14.581,0.01,5.83,36.629
191405,7.28,22.331,28.088,33.879,50.892,26.697,7.2497,11.549,0,5.98,154.442
191406,6.48,24.171,28.664,33.222,67.955,31.495,7.7778,9.053,0,5.5,164.774
191407,5.53,24.867,28.399,31.865,77.954,32.859,15.4673,6.996,0,4.75,448.274
191408,5.25,24.664,28.096,31.56,75.454,33.725,13.8622,6.897,0,4.44,382.36
191409,5.18,23.861,27.725,31.593,67.955,32.127,10.0039,7.732,0,4.17,174.711
191410,5.38,19.93,24.897,29.927,44.219,24.799,2.4781,9.997,0,3.73,46.761
191411,5.34,14.339,21.168,27.997,29.235,19.003,1.0007,13.658,0,3.28,1.216
191412,4.81,10.509,17.871,25.233,28.814,15.466,0.9972,14.724,0.2168,2.77,1.104
191501,4.89,9.477,16.803,24.164,26.313,14.27,0.9283,14.688,0.6367,2.83,0.933
191502,5.47,10.339,17.966,25.627,32.97,15.23,1.5501,15.286,1.1765,3.55,35.496
191503,6.74,14.24,22.364,30.491,36.743,15.906,1.6387,16.251,0,4.99,19.321
191504,7.66,19.697,26.986,34.276,37.167,20.469,1.8757,14.581,0,6.07,36.084
191505,7.36,22.528,28.317,34.109,50.892,26.895,7.4664,11.549,0,6.01,162.039
191506,6.46,23.829,28.324,32.882,67.955,31.858,11.7081,9.053,0,5.45,396.316
191507,5.52,25.294,28.76,32.291,77.954,33.225,15.1976,6.996,0,4.79,437.402
191508,5.27,25.23,28.662,32.127,75.454,33.689,12.55,6.897,0,4.5,347.94
191509,5.12,24.129,27.995,31.861,67.955,32.127,10.0676,7.732,0,4.19,250.605
191510,5.47,23.002,28.032,33.062,44.219,27.964,2.9676,9.997,0,4.01,56.729
191511,5.53,16.342,23.171,30,29.235,20.334,1.1296,13.658,0,3.45,6.606
191512,4.87,10.242,17.604,24.965,28.814,15.337,0.0054,14.724,0.8263,2.74,0.005
191601,4.77,8.477,15.803,23.066,27.249,14.266,0.4398,14.588,2.0388,2.74,0.44
191602,5.4,10.407,18.067,25.728,32.97,15.132,1.0001,15.287,1.0176,3.57,9.106
191603,6.92,16.804,24.928,33.054,36.009,17.468,1.035,16.251,0,5.3,6.926
191604,7.7,20.128,27.417,34.707,38.035,20.47,2.2777,14.581,0,6.12,33.686
191605,7.45,24.219,29.977,35.768,50.892,27.856,4.2181,11.549,0,6.22,51.431
191606,6.54,23.969,28.463,33.023,67.955,31.858,10.9854,9.053,0,5.47,277.394
191607,5.53,24.43,27.96,31.491,77.954,32.959,14.2528,6.996,0,4.73,424.432
191608,5.22,24.864,28.297,31.762,76.324,33.723,12.5588,6.897,0,4.47,318.59
191609,5.08,24.296,28.06,31.828,68.854,32.127,9.8214,7.531,0,4.15,341.91
191610,5.39,21.228,26.195,31.226,46.027,26.364,6.0368,9.998,0,3.84,252.94
191611,5.4,14.945,21.772,28.603,31.102,18.773,1.1429,13.658,0,3.33,10.356
191612,4.76,9.343,16.706,24.068,30.846,15.139,0.0036,14.724,2.2176,2.68,0.004
191701,4.77,8.142,15.467,22.828,26.313,14.069,0.9633,14.688,3.0944,2.72,1.029
191702,5.43,10.205,17.831,25.49,32.97,15.032,1.2529,15.286,1.2498,3.54,18.097
191703,6.73,13.939,22.062,30.189,36.743,15.669,1.0368,16.251,0,4.95,7.68
191704,7.61,19.101,26.32,33.575,37.565,19.566,2.0459,14.409,0,5.95,29.557
191705,7.28,21.669,27.424,33.216,50.357,25.935,7.1292,11.549,0,5.89,160.863
191706,6.44,23.831,28.326,32.884,68.955,31.857,10.9044,9.053,0.0033,5.45,324.774
191707,5.49,24.831,28.296,31.828,78.791,32.957,16.9491,6.996,0,4.74,557.958
191708,5.25,25.165,28.597,32.061,76.324,33.689,11.5696,6.897,0,4.5,218.729
191709,5.12,23.831,27.697,31.562,69.957,32.127,11.4178,7.732,0,4.16,426.781
191710,5.4,20.93,25.896,30.927,44.959,26.364,5.7634,9.997,0,3.82,242.673
191711,5.38,14.842,21.672,28.502,30.6,19.003,1.1097,13.658,0,3.32,13.315
191712,4.84,9.843,17.206,24.568,28.179,15.466,0.0036,14.724,1.0387,2.72,0.004
191801,4.73,7.512,14.837,22.2,26.715,13.464,0.4019,14.688,4.2931,2.68,0.404
191802,5.38,10.036,17.696,25.356,32.97,15.23,1.0001,15.286,1.2156,3.53,4.334
191803,6.79,15.334,23.46,31.588,38.676,16.57,1.1344,16.251,0,5.12,9.98
191804,7.63,19.098,26.388,33.677,37.7,19.807,2.6754,14.581,0,5.98,50.967
191805,7.3,23.235,28.892,34.549,52.222,27.465,4.7684,11.278,0,6.01,155.018
191806,6.43,23.169,27.661,32.221,68.955,29.863,11.275,9.053,0.01,5.38,328.436
191807,5.52,25.193,28.659,32.188,78.291,33.519,15.2275,6.996,0,4.77,437.252
191808,5.2,24.263,27.696,31.162,77.127,33.625,15.4739,6.897,0,4.41,536.143
191809,4.98,24.53,28.162,31.793,69.557,32.127,9.4656,7.196,0,4.08,263.503
191810,5.42,21.294,26.261,31.292,46.162,26.366,2.1779,9.997,0,3.85,39.046
191811,5.42,14.34,21.169,27.997,28.83,19.003,0.0826,13.658,0,3.28,0.082
191812,4.77,9.01,16.406,23.801,27.474,14.503,0.0078,14.791,2.5704,2.67,0.008
191901,4.83,9.239,16.502,23.828,26.313,14.266,1.4724,14.588,0.7675,2.8,18.65
191902,5.38,9.64,17.265,24.926,32.97,14.331,1.0001,15.286,1.8364,3.49,3.508
191903,6.86,15.971,24.097,32.224,36.375,16.905,1.0625,16.251,0,5.2,9.359
191904,7.67,19.195,26.485,33.774,37.167,19.84,1.9399,14.581,0,6,18.504
191905,7.33,22.524,28.314,34.106,50.189,26.994,6.6689,11.549,0,6.01,154.696
191906,6.51,24.467,28.962,33.521,68.053,31.858,9.0006,9.053,0,5.54,209.182
191907,5.5,24.866,28.397,31.863,78.89,32.892,14.9503,6.996,0,4.75,423.995
191908,5.25,25.498,28.896,32.327,76.326,33.725,14.1085,6.829,0,4.51,405.199
191909,5.15,23.796,27.661,31.528,67.955,32.127,10.2031,7.732,0,4.16,265.612
191910,5.4,21.231,26.197,31.228,44.892,26.364,3.3702,9.997,0,3.84,121.601
191911,5.39,15.012,21.839,28.669,31.068,19.038,1.1396,13.658,0,3.33,5.195
191912,4.78,10.079,17.442,24.803,29.845,15.465,0.0036,14.724,1.276,2.73,0.004
192001,4.84,9.174,16.501,23.861,27.148,14.266,1.0101,14.688,1.1509,2.81,7.012
192002,5.38,10.37,17.798,25.323,34.065,15.23,1.3911,14.953,1.1702,3.5,22.194
192003,6.7,14.071,22.196,30.322,38.875,15.773,2.0539,16.251,0,4.97,34.386
192004,7.66,19.561,26.85,34.141,37.167,20.47,2.2247,14.581,0,6.04,26.118
192005,7.3,22.024,27.813,33.606,50.892,25.694,5.3735,11.549,0,5.95,92.427
192006,6.49,24.693,29.185,33.745,67.955,31.858,8.0259,9.053,0,5.56,206.449
192007,5.55,25.333,28.798,32.33,78.188,32.956,13.8971,6.996,0,4.79,396.983
192008,5.25,25.063,28.495,31.961,76.861,33.725,10.6053,6.897,0,4.49,273.149
192009,5.1,23.962,27.828,31.693,70.152,32.127,11.051,7.732,0,4.17,423.459
192010,5.43,21.665,26.632,31.662,44.591,26.364,2.699,9.997,0,3.88,41.072
192011,5.42,14.943,21.771,28.602,28.429,19.003,0.0054,13.658,0,3.33,0.005
192012,4.86,10.88,18.242,25.604,28.814,15.468,0.0036,14.724,0.0159,2.8,0.004
192101,4.89,9.239,16.566,23.928,25.881,14.266,1.8848,14.688,0.486,2.81,28.824
192102,5.41,10.272,17.933,25.559,32.997,15.067,1.0001,15.286,1.3887,3.55,4.735
192103,6.85,16.37,24.494,32.621,37.344,17.233,1.2297,16.251,0,5.25,10.367
192104,7.72,20.459,27.75,35.04,37.167,20.636,2.608,14.581,0,6.16,32.724
192105,7.45,24.221,29.98,35.771,51.724,28.32,6.2094,11.549,0,6.22,74.938
192106,6.51,23.991,28.486,33.045,68.852,30.687,10.0096,9.053,0,5.48,280.521
192107,5.47,24.932,28.396,31.861,78.791,32.992,16.4084,6.896,0,4.74,484.232
192108,5.24,25.163,28.595,32.059,77.093,33.689,14.6073,6.897,0,4.5,412.678
192109,5.15,24.064,27.931,31.796,69.889,32.127,8.1098,7.732,0,4.18,252.301
192110,5.42,20.23,25.196,30.227,43.791,24.865,2.5982,9.997,0,3.76,52.716
192111,5.32,14.179,21.007,27.836,31.636,19.003,0.8008,13.658,0,3.27,0.835
192112,4.75,9.38,16.742,24.104,28.814,14.937,0.0126,14.724,1.8333,2.68,0.013
192201,4.83,9.174,16.501,23.861,25.18,14.266,1.0263,14.688,0.7672,2.81,9.846
192202,5.51,11.271,18.897,26.557,31.3,15.133,1.0001,15.286,0.0011,3.65,6.836
192203,6.84,16.437,24.564,32.69,37.741,17.468,0.9967,16.251,0,5.26,1.071
192204,7.71,21.768,28.923,36.077,37.736,21.668,1.5904,14.311,0,6.27,11.172
192205,7.5,24.157,29.914,35.707,51.327,28.192,4.4356,11.549,0,6.21,51.977
192206,6.43,23.634,28.027,32.486,68.555,31.858,14.3317,8.852,0,5.36,623.829
192207,5.48,24.862,28.294,31.826,78.491,32.956,15.595,6.962,0,4.73,527.538
192208,5.14,25.029,28.295,31.627,76.326,33.625,13.02,6.598,0,4.37,361.156
192209,5.15,23.83,27.696,31.561,68.852,32.127,10.7929,7.732,0,4.16,312.973
192210,5.26,20.867,25.598,30.429,46.558,26.072,3.0356,9.562,0,3.72,49.03
192211,5.34,14.677,21.505,28.334,31.299,19.003,0.0826,13.658,0,3.3,0.082
192212,4.78,10.044,17.406,24.769,29.946,15.139,1.0022,14.724,0.5291,2.73,12.174
192301,4.88,8.842,16.204,23.665,25.08,14.266,0.0096,14.823,1.8036,2.8,0.009
192302,5.37,10.205,17.831,25.49,35.402,14.867,1.8274,15.286,1.1792,3.54,35.539
192303,6.83,15.571,23.698,31.824,35.24,16.634,0.9979,16.251,0,5.16,1.813
192304,7.74,20.761,28.051,35.34,37.7,20.47,1.5526,14.581,0,6.2,13.324
192305,7.35,22.891,28.648,34.439,51.327,26.961,4.4244,11.549,0,6.04,67.487
192306,6.54,24.957,29.452,34.01,68.156,32.513,9.5316,9.053,0,5.6,293.059
192307,5.51,24.831,28.297,31.828,78.758,32.892,12.584,6.996,0,4.74,280.51
192308,5.27,25.431,28.896,32.362,76.326,33.725,12.8828,6.897,0,4.54,338.335
192309,5.15,24.13,27.995,31.862,69.69,32.127,7.3225,7.732,0,4.19,184.393
192310,5.42,20.765,25.731,30.762,44.292,26.364,3.4849,9.997,0,3.8,82.515
192311,5.37,14.776,21.605,28.434,30.398,18.936,0.8069,13.658,0,3.32,0.834
192312,4.82,10.244,17.606,24.967,29.246,15.468,0.867,14.724,0.5608,2.74,1.164
192401,4.83,8.508,15.835,23.198,24.979,14.266,1.0101,14.688,2.0965,2.75,2.928
192402,5.38,10.407,18.067,25.728,33.63,15.197,1.0001,15.287,0.5692,3.57,6.385
192403,6.92,16.938,25.062,33.189,34.438,17.567,1.0004,16.251,0,5.32,2.145
192404,7.82,21.298,28.586,35.876,37.137,21.668,2.4905,14.579,0,6.28,42.335
192405,7.35,22.654,28.411,34.203,50.892,26.767,4.3548,11.549,0,6.02,93.111
192406,6.55,25.558,30.053,34.611,68.554,33.518,10.3193,9.053,0,5.67,305.477
192407,5.48,24.931,28.296,31.727,78.191,32.959,15.7028,6.796,0,4.67,475.549
192408,5.26,24.864,28.296,31.762,76.026,33.689,12.8454,6.897,0,4.47,392.621
192409,5.08,23.43,27.295,31.162,69.558,32.127,10.092,7.732,0,4.13,309.516
192410,5.42,21.831,26.797,31.829,45.693,26.364,3.2688,9.997,0,3.89,85.949
192411,5.34,14.442,21.268,28.099,32.479,19.003,1.4815,13.658,0,3.3,46.5
192412,4.85,10.447,17.807,25.17,29.148,15.468,0.0036,14.724,0.4846,2.77,0.004
192501,4.71,7.241,14.604,21.931,29.217,13.464,1.1085,14.688,5.4171,2.66,12.722
192502,5.28,8.906,16.567,24.226,34.204,14.432,1.0001,15.286,2.4507,3.43,1.805
192503,6.79,15.103,23.229,31.357,35.706,16.57,1.0019,16.251,0,5.1,7.411
192504,7.69,19.698,26.987,34.278,37.836,20.436,2.9572,14.581,0,6.07,97.45
192505,7.3,21.957,27.715,33.506,51.123,26.159,5.8988,11.549,0,5.93,132.609
192506,6.46,24.098,28.558,33.084,67.922,31.858,9.1901,8.987,0,5.46,180.295
192507,5.51,24.565,28.096,31.626,78.69,32.892,14.9833,6.996,0,4.75,477.864
192508,5.24,25.063,28.495,31.961,76.965,33.725,13.9052,6.897,0,4.49,300.421
192509,5.14,23.66,27.525,31.392,69.457,32.127,9.1042,7.732,0,4.15,298.373
192510,5.39,20.43,25.396,30.427,44.892,26.331,2.4114,9.997,0,3.78,46.773
192511,5.38,14.175,21.004,27.833,29.235,18.041,1.02,13.658,0,3.27,2.566
192512,4.73,9.01,16.373,23.735,29.581,14.604,0.0054,14.724,2.3527,2.66,0.005
192601,4.76,8.473,15.801,23.164,27.147,14.266,1.4684,14.688,1.8753,2.75,17.734
192602,5.46,10.67,18.297,25.956,34.232,15.23,0.6398,15.286,0.3648,3.59,0.644
192603,6.71,13.736,21.861,29.987,38.779,15.869,2.609,16.251,0,4.92,52.409
192604,7.59,18.529,25.82,33.11,37.167,19.665,2.0819,14.581,0,5.91,29.102
192605,7.25,22.392,28.15,33.94,50.892,26.795,6.0303,11.549,0,5.99,212.109
192606,6.56,25.72,30.214,34.772,68.455,33.552,6.436,9.053,0,5.7,114.924
192607,5.55,24.796,28.261,31.793,78.69,33.091,16.8741,6.996,0,4.74,614.071
192608,5.24,25.063,28.495,31.961,76.326,33.625,12.4812,6.897,0,4.49,329.275
192609,5.15,24.197,28.062,31.929,68.952,32.127,8.8232,7.732,0,4.2,262.664
192610,5.35,21.367,26.197,31.027,46.53,26.364,3.3139,9.66,0,3.78,62.446
192611,5.31,13.476,20.302,27.133,30.5,18.004,0.0054,13.658,0,3.21,0.005
192612,4.78,10.443,17.804,25.167,30.785,15.468,1.0059,14.724,0.5677,2.77,4.889
192701,4.78,8.175,15.501,22.86,27.348,14.266,1.8018,14.686,3.1509,2.72,27.792
192702,5.4,9.837,17.496,25.122,34.368,14.432,1.6584,15.286,1.3692,3.51,34.794
192703,6.66,13.302,21.428,29.555,36.743,15.499,2.1399,16.251,0,4.87,36.228
192704,7.64,20.058,27.313,34.567,37.938,20.471,1.7332,14.51,0,6.09,15.182
192705,7.28,21.894,27.651,33.443,51.826,26.895,5.4663,11.549,0,5.92,113.937
192706,6.48,24.492,28.987,33.546,68.455,31.759,8.8861,9.053,0,5.54,218.014
192707,5.57,24.966,28.496,32.027,77.954,32.992,13.9327,6.996,0,4.79,366.921
192708,5.25,24.829,28.261,31.727,76.128,33.723,13.1722,6.897,0,4.47,435.526
192709,5.12,23.86,27.724,31.592,69.59,32.127,8.9239,7.732,0,4.17,148.223
192710,5.42,21.328,26.294,31.326,45.591,26.364,4.2158,9.997,0,3.86,59.883
192711,5.37,14.439,21.267,28.162,30.398,19.003,1.1495,13.723,0,3.3,27.034
192712,4.85,10.209,17.571,24.933,27.777,15.468,0.0054,14.724,0.7222,2.74,0.005
192801,4.78,8.073,15.401,22.763,25.678,14.333,1.6255,14.688,3.1694,2.72,22.593
192802,5.44,10.838,18.466,26.126,32.97,15.231,1.0001,15.286,0.3806,3.6,8.008
192803,6.85,15.835,23.96,32.086,36.743,16.771,1.0004,16.251,0,5.18,2.98
192804,7.74,20.132,27.421,34.71,36.131,20.569,2.4813,14.581,0,6.12,21.153
192805,7.37,22.826,28.583,34.373,50.892,26.996,6.733,11.549,0,6.04,162.999
192806,6.42,24.003,28.427,32.885,68.891,31.823,9.3069,8.82,0,5.42,312.33
192807,5.51,24.831,28.298,31.829,77.954,32.992,15.972,6.996,0,4.74,493.147
192808,5.12,25.294,28.56,31.926,76.326,33.726,11.7405,6.633,0,4.4,269.984
192809,5.14,24.995,28.861,32.727,70.688,32.226,9.2803,7.732,0,4.28,268.221
192810,5.48,21.395,26.362,31.392,44.092,26.265,4.3382,9.997,0,3.86,137.239
192811,5.37,14.14,20.966,27.797,29.235,18.903,1.0043,13.658,0,3.27,1.607
192812,4.83,10.373,17.734,25.095,27.94,15.202,1.0001,14.724,0.8805,2.76,1.506
192901,4.8,8.437,15.764,23.127,27.248,14.266,1.5908,14.688,2.6122,2.75,24.086
192902,5.38,9.706,17.332,24.991,32.131,14.266,0.2096,15.286,1.6878,3.49,0.21
192903,6.84,15.636,23.762,31.89,35.873,16.57,1.5801,16.251,0,5.17,11.393
192904,7.65,19.698,26.953,34.208,37.633,20.469,2.4474,14.51,0,6.05,39.716
192905,7.35,23.322,29.078,34.871,51.925,27.16,5.9012,11.549,0,6.1,138.17
192906,6.33,24.99,29.185,33.444,68.754,31.858,11.6484,8.453,0,5.37,374.116
192907,5.53,24.73,28.196,31.727,77.954,32.892,15.1986,6.996,0,4.73,433.033
192908,5.23,24.862,28.295,31.761,76.225,33.591,12.6975,6.897,0,4.47,270.642
192909,5.15,24.13,27.995,31.862,68.954,32.192,6.7819,7.732,0,4.19,112.576
192910,5.42,20.631,25.597,30.627,44.591,24.865,6.0011,9.997,0,3.79,279.205
192911,5.35,14.34,21.17,27.998,30.565,18.207,0.9332,13.658,0,3.28,0.945
192912,4.81,9.744,17.105,24.467,28.814,14.739,1.009,14.724,1.6763,2.71,4.989
193001,4.73,7.571,14.9,22.261,27.348,13.703,1.0636,14.688,4.3542,2.68,9.083
193002,5.36,10.104,17.73,25.39,34.267,14.668,1.0139,15.286,1.3224,3.53,10.204
193003,6.8,15.203,23.327,31.454,36.978,16.669,1.2529,16.251,0,5.11,10.301
193004,7.65,19.761,26.95,34.206,36.728,20.668,2.2498,14.445,0,6.03,33.907
193005,7.35,22.961,28.718,34.51,51.726,27.033,4.2423,11.549,0,6.05,110.741
193006,6.36,23.927,28.287,32.648,68.42,31.858,9.2747,8.72,0,5.36,261.269
193007,5.52,24.867,28.397,31.865,77.521,33.092,13.6045,6.996,0,4.75,350.107
193008,5.24,25.063,28.495,31.961,76.326,33.823,11.7987,6.897,0,4.49,314.284
193009,5.13,24.231,28.062,31.897,68.954,32.127,8.427,7.666,0,4.18,216.096
193010,5.41,20.995,25.959,30.926,45.091,26.265,3.299,9.898,0,3.82,77.99
193011,5.33,14.142,20.969,27.8,32.043,19.038,1.3222,13.658,0,3.27,21.113
193012,4.74,9.445,16.806,24.169,28.814,14.801,1.0046,14.724,1.6609,2.69,8.987
193101,4.85,9.772,16.9,24.062,24.149,14.232,1.0047,14.289,0,2.8,2.955
193102,5.24,11.104,18.229,25.39,37.668,15.531,1.4087,14.285,0.5146,3.47,17.399
193103,6.63,15.437,23.229,31.055,38.411,16.405,1.6402,15.618,0,4.99,19.471
193104,7.71,21.222,28.313,35.469,36.135,21.633,1.7318,14.247,0,6.16,9.913
193105,7.16,22.758,28.215,33.671,50.493,26.998,5.6709,10.912,0,5.82,93.889
193106,6.47,25.626,29.95,34.309,65.923,33.488,7.9189,8.619,0,5.53,178.116
193107,5.49,24.73,28.197,31.727,79.394,32.892,20.0362,6.996,0,4.73,774.985
193108,4.9,26.258,29.161,32.127,76.025,33.726,12.31,5.869,0,4.2,259.633
193109,4.92,24.294,27.824,31.326,69.428,32.127,10.9948,7.031,0,3.98,472.519
193110,5.11,22.164,26.594,31.027,49.294,27.263,3.3774,8.863,0,3.65,55.047
193111,5.25,14.374,20.968,27.562,31.881,18.769,1.0333,13.125,0,3.2,3.31
193112,4.71,10.709,17.87,25.064,32.038,15.667,0.9982,14.356,0.0006,2.73,2.434
193201,4.81,9.539,16.565,23.593,26.153,14.266,0.0072,14.055,0.9994,2.76,0.007
193202,5.23,9.601,16.861,24.186,34.005,15.105,1.0001,14.586,2.176,3.37,12.177
193203,6.83,15.8,23.925,32.05,34.943,16.669,1.0161,16.251,0,5.18,6.593
193204,7.92,20.096,27.584,35.139,31.773,20.569,2.1403,15.044,0,6.23,37.982
193205,7.15,24.241,29.6,34.955,52.159,26.897,6.3789,10.715,0,5.95,131.005
193206,6.41,24.828,29.153,33.511,68.26,31.858,9.5626,8.619,0,5.44,306.63
193207,5.35,25.629,28.861,32.093,77.691,33.092,10.1706,6.462,0,4.62,247.126
193208,4.93,25.728,28.695,31.727,75.592,33.725,10.8743,5.999,0,4.2,297.631
193209,4.89,25.292,28.659,32.124,68.154,32.325,9.455,6.83,0,3.99,295.965
193210,5.39,21.928,26.759,31.625,43.597,26.265,2.9233,9.697,0,3.84,53.561
193211,5.26,15.775,22.106,28.537,31.979,19.403,1.528,12.761,0,3.24,44.782
193212,4.7,10.543,17.405,24.267,31.35,15.566,1.0022,13.724,0.2664,2.63,9.78
193301,4.68,7.544,14.637,21.762,25.113,13.802,1.725,14.155,4.3116,2.61,23.728
193302,5.34,11.369,18.795,26.221,34.869,15.23,1.0498,14.853,0,3.58,11.813
193303,7.12,15.54,23.965,32.392,30.344,16.201,1.0004,16.851,0,5.28,2.907
193304,7.66,18.598,25.889,33.178,36,19.274,3.1188,14.581,0,5.92,49.966
193305,7.05,22.556,27.948,33.404,52.288,26.894,6.6631,10.848,0,5.78,134.6
193306,6.12,24.633,28.626,32.685,69.19,31.858,9.1585,8.052,0,5.18,210.062
193307,5.49,24.831,28.298,31.829,79.821,33.092,16.5865,6.996,0,4.74,657.138
193308,4.88,25.063,28.097,31.165,79.891,33.926,11.7648,6.1,0,4.19,464.128
193309,5.01,24.396,28.06,31.727,69.12,31.991,7.7342,7.33,0,4.09,187.936
193310,5.35,21.53,26.297,31.127,44.289,26.329,3.8349,9.597,0,3.78,99.556
193311,5.43,14.442,21.27,28.199,28.103,18.407,0.009,13.758,0,3.3,0.009
193312,4.77,10.279,17.507,24.768,29.29,15.202,0.0036,14.424,0.673,2.72,0.004
193401,4.74,8.771,15.8,22.926,26.518,14.201,1.4891,14.155,2.1963,2.7,22.701
193402,5.41,10.479,18.069,25.696,33.707,14.835,1.4703,15.153,0.2851,3.56,27.643
193403,6.93,14.703,23.064,31.49,33.611,16.669,1.0033,16.787,0,5.16,1.439
193404,7.72,20.497,27.686,34.942,35.336,20.604,2.6835,14.444,0,6.13,56.876
193405,7.36,22.624,28.313,34.004,48.931,26.998,5.7032,11.348,0,5.96,119.39
193406,6.3,23.828,28.088,32.381,68.287,31.19,11.7515,8.553,0,5.28,408.972
193407,5.33,25.064,28.297,31.627,77.76,33.127,16.3298,6.563,0,4.6,514.262
193408,5.06,25.429,28.595,31.827,75.863,33.727,13.7577,6.398,0,4.33,324.589
193409,5.06,25.029,28.598,32.263,66.894,32.127,9.9762,7.232,0,4.11,308.086
193410,5.36,20.929,25.695,30.526,43.766,26.263,3.6434,9.562,0,3.73,83.118
193411,5.12,14.377,20.871,27.401,37.08,18.902,1.02,13.025,0,3.18,4.547
193412,4.65,10.444,17.472,24.532,33.282,15.532,0.4338,14.09,0.2069,2.68,0.434
193501,4.76,8.78,15.841,22.97,24.914,14.167,1.0065,14.19,1.6116,2.71,3.61
193502,5.29,11.606,18.932,26.357,37.77,15.666,1.2273,14.751,0,3.59,19.739
193503,6.92,16.07,24.197,32.323,34.713,16.471,1.0004,16.253,0,5.22,5.162
193504,7.75,20.064,27.421,34.808,35.666,20.534,1.2044,14.745,0,6.16,9.492
193505,7.46,24.295,30.052,35.808,49.261,28.463,4.0957,11.448,0,6.22,85.187
193506,6.54,24.832,29.226,33.684,64.794,33.393,8.9453,8.852,0,5.5,227.093
193507,5.45,25.829,29.095,32.426,77.09,31.991,13.0779,6.597,0,4.69,260.454
193508,4.99,24.794,27.863,31.026,76.36,32.689,16.5543,6.231,0,4.21,566.858
193509,5,24.699,28.265,31.895,67.512,31.226,11.2999,7.196,0,4.07,312.096
193510,5.51,21.232,26.198,31.229,40.663,26.263,1.2153,9.997,0,3.84,33.983
193511,5.44,14.941,21.771,28.603,28.308,18.802,0,13.661,0,3.33,0
193512,4.9,9.811,17.273,24.736,26.312,15.236,0.2778,14.923,1.1897,2.74,0.278
193601,4.8,7.845,15.106,22.432,23.194,14.265,1.0101,14.588,3.2047,2.69,3.974
193602,5.34,10.668,18.195,25.754,34.672,14.966,1.03,15.086,1.0656,3.56,15.721
193603,6.9,15.636,23.863,32.09,34.847,16.472,1.3944,16.453,0,5.2,15.832
193604,7.7,20.531,27.719,34.91,36.628,19.667,1.9215,14.344,0,6.12,30.304
193605,7.14,23.066,28.523,34.016,53.63,26.861,7.7213,10.949,0,5.87,208.951
193606,6.24,24.499,28.657,32.851,69.224,30.194,9.9852,8.352,0,5.28,285.496
193607,5.27,25.431,28.596,31.828,78.524,32.793,18.2565,6.363,0,4.57,548.978
193608,4.87,26.064,28.995,31.962,78.223,33.525,11.6061,5.898,0,4.19,296.458
193609,5.01,24.298,27.864,31.527,69.526,31.827,11.6203,7.231,0,4.04,524.454
193610,5.2,21.063,25.696,30.427,47.098,26.463,3.6319,9.363,0,3.68,89.622
193611,5.4,15.475,22.304,29.134,29.768,19.502,0.2614,13.658,0,3.38,0.261
193612,4.76,10.842,17.906,25.067,32.612,15.467,1.0067,14.224,0.0005,2.72,15.919
193701,4.92,7.612,15.14,22.702,20.085,13.905,0,15.088,4.3033,2.74,0
193702,5.28,10.703,18.33,25.957,41.699,15.132,1.7257,15.252,1.2535,3.59,29.677
193703,6.88,14.442,22.702,31.026,32.48,16.14,1.0004,16.551,0,5.09,4.53
193704,7.96,20.735,28.291,35.882,31.968,21.1,3.1836,15.146,0,6.36,72.13
193705,7.29,23.161,28.752,34.409,50.124,26.96,6.284,11.248,0,5.99,96.302
193706,6.29,25.799,29.96,34.118,68.122,33.45,8.7348,8.319,0,5.41,210.073
193707,5.31,26.202,29.332,32.498,78.291,33.862,12.099,6.296,0,4.61,256.493
193708,5.19,24.966,28.363,31.793,77.73,33.727,15.0655,6.828,0,4.45,460.554
193709,5.01,24.893,28.46,32.028,68.261,32.127,9.2772,7.133,0,4.07,355.248
193710,5.43,20.503,25.433,30.4,43.366,25.936,4.2112,9.898,0,3.76,139.792
193711,5.43,14.378,21.306,28.236,28.165,18.706,0.64,13.858,0,3.32,0.654
193712,4.65,10.245,17.208,24.269,31.052,15.467,0.0682,14.025,0.3007,2.65,0.068
193801,4.79,9.641,16.801,23.994,29.151,14.791,1.0101,14.354,0,2.8,3.655
193802,5.36,9.404,17.067,24.728,32.533,14.331,1.1093,15.289,2.0507,3.46,24.851
193803,6.55,17.038,24.764,32.49,42.677,17.837,1.8184,15.452,0,5.15,12.417
193804,8.14,21.397,29.086,36.741,30.706,21.601,1.0001,15.344,0,6.51,23.489
193805,7.03,22.997,28.253,33.51,53.277,26.798,6.7508,10.514,0,5.73,163.1
193806,6.15,24.802,28.896,33.054,72.291,32.093,14.9516,8.219,0,5.27,572.308
193807,5.37,25.029,28.295,31.627,77.224,32.892,16.1788,6.599,0,4.61,452.839
193808,4.89,25.829,28.797,31.863,77.261,34.06,12.4993,6.033,0,4.24,324.867
193809,4.95,25.257,28.725,32.29,68.69,32.458,7.2102,7.033,0,4.06,188.222
193810,5.38,21.963,26.696,31.429,44.561,26.364,3.2086,9.462,0,3.78,58.016
193811,5.09,14.298,20.528,26.824,35.402,18.338,1.0068,12.525,0,3.08,4.878
193812,4.8,10.144,17.506,24.867,27.741,15.467,0.0036,14.724,0.8064,2.74,0.004
193901,4.86,9.275,16.502,23.728,23.607,14.266,1.0047,14.388,0.6063,2.79,1.795
193902,5.43,11.042,18.532,26.057,34.394,15.431,1.345,14.952,0,3.58,18.565
193903,6.74,14.372,22.499,30.658,35.307,16.168,1.0379,16.287,0,5.01,8.758
193904,7.8,22.063,29.318,36.608,34.934,22.461,1.5394,14.545,0,6.38,22.496
193905,7.41,23.658,29.314,34.972,49.426,27.358,4.3893,11.314,0,6.07,99.463
193906,6.37,24.463,28.822,33.116,68.853,31.857,10.421,8.652,0,5.39,298.393
193907,5.52,25.292,28.758,32.289,78.556,32.892,16.3652,6.996,0,4.79,488.214
193908,5.15,25.496,28.697,31.962,73.953,33.725,12.1086,6.432,0,4.36,272.975
193909,5.08,24.593,28.258,31.924,67.29,32.127,11.1274,7.33,0,4.11,386.351
193910,5.3,21.162,25.895,30.661,44.285,26.398,4.1277,9.498,0,3.72,129.335
193911,5.33,15.374,21.968,28.596,30.167,19.003,0.006,13.158,0,3.29,0.006
193912,4.74,10.844,17.906,25.034,31.216,15.468,0.0054,14.19,0.1246,2.72,0.005
194001,4.8,8.975,16.102,23.263,25.413,14.266,0.3332,14.288,1.8202,2.73,0.333
194002,5.42,10.707,18.197,25.721,34.495,15.197,1.6525,14.952,0.3352,3.55,33.554
194003,6.27,13.734,21.16,28.651,44.582,15.27,2.1901,14.917,0,4.64,33.828
194004,7.77,19.933,27.388,34.842,33.773,20.535,1.8604,14.845,0,6.18,15.911
194005,7.36,23.785,29.476,35.167,49.589,26.896,5.4137,11.348,0,6.11,102.842
194006,6.57,24.793,29.288,33.845,66.519,31.861,9.8957,9.053,0,5.58,286.437
194007,5.3,25.527,28.693,31.924,77.986,32.892,17.0329,6.396,0,4.59,590.323
194008,5.06,25.663,28.794,31.962,75.452,33.689,13.1541,6.297,0,4.32,334.394
194009,5.15,24.292,28.058,31.824,64.587,32.127,8.3971,7.531,0,4.15,231.314
194010,5.46,21.763,26.695,31.626,41.689,26.364,2.5567,9.862,0,3.86,54.675
194011,5.36,15.372,22.067,28.795,31.644,19.102,0.9375,13.422,0,3.33,1.031
194012,4.79,10.38,17.608,24.869,29.713,15.304,1.0044,14.49,0.0004,2.72,5.175
194101,4.73,9.066,16.093,23.119,26.845,14.5,1.0101,14.053,1.6081,2.71,8.353
194102,5.51,11.035,18.661,26.322,29.435,15.431,1.0001,15.286,0.5876,3.62,5.281
194103,6.78,17.036,24.928,32.79,37.416,17.667,1.2579,15.752,0,5.22,12.303
194104,7.87,21.259,28.55,35.84,33.802,20.933,1.5317,14.582,0,6.28,20.918
194105,6.94,23.26,28.417,33.51,54.121,26.395,5.7489,10.251,0,5.68,109.14
194106,6.39,24.026,28.521,33.08,72.687,30.621,10.3549,9.053,0,5.48,321.849
194107,5.28,25.726,28.86,32.091,78.154,32.959,14.1209,6.363,0,4.59,322.95
194108,5.1,25.494,28.695,31.96,76.159,32.689,13.0906,6.432,0,4.36,349.726
194109,5.06,24.828,28.494,32.161,68.257,32.127,10.0498,7.296,0,4.13,309.19
194110,5.33,20.993,25.759,30.59,45.09,25.73,4.5166,9.563,0,3.73,111.972
194111,5.23,14.839,21.368,27.899,31.435,18.533,1.1661,13.06,0,3.22,1.308
194112,4.69,11.808,18.571,25.432,31.584,16.201,0.6388,13.623,0,2.72,0.652
194201,4.83,9.106,16.267,23.493,24.914,14.266,1.1383,14.388,1.2138,2.76,15.452
194202,5.47,10.839,18.466,26.128,31.935,15.197,1.3247,15.287,0.3109,3.6,22.073
194203,6.7,16.101,23.861,31.686,38.945,16.169,1.7472,15.55,0,5.07,10.28
194204,7.54,19.899,26.954,34.009,37.407,20.369,2.2123,14.111,0,5.96,34.818
194205,7.19,24.495,29.951,35.409,51.559,27.558,4.7147,10.914,0,6.04,50.08
194206,6.48,25.73,30.088,34.449,67.524,31.62,9.9336,8.719,0,5.57,255.593
194207,5.57,25.664,29.128,32.66,79.188,31.79,11.9092,6.996,0,4.84,287.406
194208,5.07,25.46,28.56,31.726,75.795,33.725,15.0319,6.231,0,4.29,534.733
194209,4.92,23.999,27.529,31.096,69.757,31.226,12.5868,7.033,0,3.97,497.681
194210,5.39,21.264,26.131,31.063,42.651,26.364,2.9348,9.798,0,3.8,28.334
194211,5.34,15.806,22.401,29.032,32.137,19.003,0.6561,13.224,0,3.33,0.657
194212,4.72,9.748,16.973,24.202,30.515,15.466,0.7356,14.39,0.8059,2.68,0.736
194301,4.66,10.574,17.334,24.064,31.516,14.532,1.5122,13.491,0,2.76,17.401
194302,5.42,9.906,17.433,24.992,31.598,14.199,1.0001,15.086,1.6348,3.48,10.127
194303,6.61,15.7,23.326,30.952,38.316,16.07,1.1722,15.252,0,4.94,21.803
194304,7.63,18.1,25.456,32.845,35.666,19.335,3.9749,14.745,0.01,5.9,102.516
194305,7.38,23.158,28.95,34.74,48.292,26.895,6.5342,11.549,0,6.09,133.743
194306,6.54,24.664,29.157,33.718,67.557,31.458,9.0286,9.053,0,5.56,222.561
194307,5.55,24.728,28.194,31.725,76.92,32.892,14.9326,6.996,0,4.73,435.267
194308,5.25,24.768,28.201,31.667,74.419,33.725,13.197,6.897,0,4.46,319.245
194309,5.18,24.53,28.397,32.263,66.592,32.127,9.8753,7.732,0,4.23,289.279
194310,5.48,21.431,26.397,31.429,42.123,26.364,2.4416,9.997,0,3.86,50.012
194311,5.44,15.376,22.206,29.036,28.631,19.102,0.8008,13.658,0,3.36,0.821
194312,4.89,11.107,18.369,25.73,28.881,15.468,0.508,14.623,0,2.8,0.513
194401,4.63,8.871,15.599,22.425,28.945,14.265,1.5746,13.554,1.1647,2.63,26.437
194402,5.21,10.57,17.796,25.057,37.963,15.095,1.0001,14.488,0.9175,3.45,11.041
194403,6.86,14.705,22.864,31.091,35.307,15.669,2.033,16.352,0,5.07,45.961
194404,7.54,18.264,25.522,32.811,36.728,19.168,2.4888,14.545,0.0099,5.86,47.892
194405,7.35,24.226,29.916,35.674,49.36,28.858,4.4221,11.446,0,6.18,74.563
194406,6.47,25.467,29.826,34.12,66.918,32.631,11.4296,8.652,0,5.51,354.749
194407,5.45,25.362,28.695,32.126,79.056,32.924,10.0347,6.762,0,4.71,235.441
194408,5.04,25.53,28.698,31.865,75.952,33.725,13.9249,6.332,0,4.32,421.586
194409,5.01,25.196,28.762,32.327,68.052,31.491,8.5511,7.132,0,4.1,214.641
194410,5.37,21.367,26.133,30.898,42.75,26.366,3.4875,9.497,0,3.75,58.469
194411,5.47,14.576,21.47,28.367,25.637,18.966,0.2374,13.794,0,3.32,0.238
194412,4.88,10.915,18.21,25.572,27.512,15.734,0,14.623,0,2.79,0
194501,4.89,8.373,15.702,23.064,24.074,14.266,2.2005,14.688,2.7494,2.74,49.821
194502,5.43,9.002,16.73,24.49,28.876,14.73,1.2078,15.487,2.4875,3.45,13.84
194503,6.84,15.735,23.861,31.988,35.308,16.134,1.0173,16.251,0,5.17,5.888
194504,7.6,19.766,26.856,34.012,38.233,19.767,2.1671,14.246,0,5.98,34.514
194505,7.31,22.394,28.151,33.943,50.697,26.894,6.3524,11.549,0,5.99,111.703
194506,6.37,25.399,29.691,33.985,67.553,31.554,9.7226,8.553,0,5.47,277.463
194507,5.51,25.896,29.261,32.691,77.589,32.391,13.9386,6.796,0,4.77,366.9
194508,5.25,25.232,28.698,32.163,78.064,32.824,11.6186,6.897,0,4.51,311.17
194509,4.98,24.932,28.496,32.063,70.189,32.026,11.4644,7.133,0,4.07,388.627
194510,5.43,20.5,25.53,30.56,45.025,26.065,5.4651,9.997,0,3.8,209.883
194511,5.43,14.273,21.101,27.932,27.003,18.205,0.0054,13.658,0,3.27,0.005
194512,4.78,9.044,16.406,23.768,25.878,14.704,1.0001,14.724,2.3911,2.66,1.502
194601,4.93,9.108,16.634,24.13,21.171,14.033,0,15.022,1.4751,2.85,0
194602,5.73,11.705,19.531,27.392,26.976,16.029,1.3618,15.687,0,3.76,15.621
194603,7.21,14.705,23.264,31.825,27.844,15.971,2.0623,17.119,0,5.23,29.307
194604,7.51,18.266,25.322,32.476,36.737,19.136,2.5874,14.213,0.0035,5.78,46.628
194605,7.27,22.23,27.987,33.779,50.491,26.563,6.235,11.549,0,5.96,133.696
194606,6.32,24.898,29.161,33.453,69.119,30.092,8.6901,8.554,0,5.4,218.829
194607,5.23,25.4,28.53,31.661,78.524,32.058,17.2673,6.196,0,4.52,504.814
194608,5.04,25.897,28.996,32.163,75.293,33.625,12.802,6.231,0,4.33,292.719
194609,5.22,24.633,28.498,32.364,66.919,33.262,8.6805,7.732,0,4.24,275.72
194610,5.43,20.865,25.831,30.862,44.192,26.364,5.1219,9.997,0,3.82,182.944
194611,5.41,15.042,21.871,28.701,28.165,18.901,1.186,13.658,0,3.34,13.332
194612,4.89,10.944,18.305,25.668,27.512,15.468,0,14.724,0.1179,2.8,0
194701,4.88,9.073,16.4,23.761,24.651,14.266,1.0108,14.688,1.5995,2.8,10.919
194702,5.52,11.104,18.731,26.391,30.835,15.197,1.0001,15.287,0.6299,3.62,4.028
194703,6.84,15.901,24.026,32.155,35.878,16.27,1.3895,16.251,0,5.19,18.409
194704,7.81,21.497,28.787,36.077,36.206,21.931,1.5603,14.581,0,6.31,15.458
194705,7.41,23.129,28.884,34.676,49.656,27.194,5.4917,11.549,0,6.08,99.254
194706,6.59,25.697,30.191,34.75,67.019,30.689,8.3509,9.053,0,5.69,215.199
194707,5.6,25.394,28.86,32.39,76.692,33.291,18.7991,6.996,0,4.8,650.501
194708,5.29,25.429,28.861,32.327,75.454,32.589,11.5455,6.897,0,4.53,276.922
194709,5,24.496,28.06,31.693,68.052,31.292,11.7509,7.198,0,4.05,377.328
194710,5.36,21.564,26.331,31.162,43.685,25.828,3.3287,9.597,0,3.79,53.721
194711,5.59,14.377,21.605,28.834,24.765,19.003,0.0012,14.459,0,3.41,0.001
194712,4.79,11.215,18.343,25.506,29.147,15.904,1.0013,14.289,0,2.77,2.076
194801,4.98,9.206,16.668,24.194,21.973,14.664,1.0101,14.988,1.0333,2.85,3.64
194802,5.38,11.041,18.467,25.929,34.503,15.133,1.0001,14.888,0.0638,3.56,7.061
194803,6.93,15.336,23.662,31.987,35.307,16.069,1.8823,16.651,0,5.21,7.406
194804,7.85,20.163,27.555,35.043,33.636,20.333,3.1168,14.878,0,6.2,82.618
194805,7.21,23.225,28.784,34.344,51.195,27.163,6.5915,11.114,0,5.95,193.138
194806,6.77,25.429,30.124,34.883,64.889,31.622,8.517,9.452,0,5.81,186.756
194807,5.55,24.765,28.232,31.762,76.992,32.291,15.9656,6.996,0,4.73,477.61
194808,5.18,25.563,28.831,32.196,74.458,32.924,12.5001,6.633,0,4.44,304.668
194809,5.23,24.666,28.532,32.397,65.719,32.127,9.4273,7.732,0,4.25,340.13
194810,5.53,20.699,25.829,30.996,41.78,26.564,4.3865,10.296,0,3.87,128.618
194811,5.28,15.477,22.071,28.667,34.04,18.536,1.1728,13.125,0,3.3,11.618
194812,4.73,10.043,17.172,24.333,29.473,15.269,0,14.289,1.541,2.67,0
194901,4.92,9.51,16.671,23.897,20.949,14.896,1.061,14.388,0.0036,2.79,8.538
194902,5.7,10.504,18.23,25.991,22.336,14.569,1.7371,15.487,1.1407,3.6,30.217
194903,6.82,15.671,23.598,31.525,35.307,16.57,1.2332,15.852,0,5.08,10.362
194904,7.05,19.165,25.556,32.012,45.699,20.569,2.723,12.847,0,5.5,39.038
194905,6.82,22.298,27.455,32.65,55.52,26.997,7.4543,10.351,0,5.57,193.743
194906,6.35,23.967,28.325,32.719,68.533,31.688,12.2657,8.754,0,5.37,513.678
194907,5.21,25.231,28.296,31.427,77.235,32.958,15.7069,6.196,0,4.47,456.329
194908,5.04,25.395,28.56,31.794,77.232,33.791,15.165,6.398,0,4.33,483.93
194909,4.96,24.494,28.059,31.627,67.49,32.127,9.2396,7.133,0,4.02,208.518
194910,5.41,22.728,27.394,32.125,41.134,26.364,3.4503,9.396,0,3.83,62.573
194911,5.56,14.474,21.302,28.132,23.518,18.542,0.5404,13.658,0,3.3,0.545
194912,5.06,8.21,16.37,24.53,21.114,14.205,0.0054,16.258,3.1754,2.8,0.005
195001,5.21,8.043,16.468,24.863,18.885,13.732,1.0001,16.82,3.2501,3,1.264
195002,5.7,9.772,17.933,26.095,27.616,14.731,1.0001,16.322,1.4139,3.67,9.7
195003,6.99,14.303,22.763,31.29,30.907,15.801,1.9261,16.954,0,5.15,39.498
195004,8.14,19.497,27.388,35.278,25.637,20.098,1.5147,15.75,0,6.36,18.873
195005,7.84,23.456,29.749,36.077,44.917,26.454,4.5168,12.622,0,6.47,36.279
195006,6.66,24.327,29.02,33.811,68.088,31.824,12.4971,9.483,0,5.67,437.93
195007,5.65,25.426,29.029,32.632,77.384,32.957,12.9167,7.141,0,4.9,319.589
195008,5.38,24.398,27.996,31.598,73.953,33.627,12.8178,7.2,0,4.53,336.805
195009,5.08,25.027,28.593,32.16,63.085,31.228,7.8581,7.131,0,4.08,209.373
195010,5.47,21.228,26.195,31.225,43.965,26.364,3.3359,9.997,0,3.84,82.776
195011,5.48,14.073,20.904,27.738,23.34,18.505,1.1097,13.666,0,3.26,5.227
195012,4.77,11.468,17.872,24.341,20.717,15.099,0.0036,12.874,0.7852,2.59,0.004
195101,5.18,7.339,15.867,24.427,20.003,14.266,1.0101,17.089,4.0738,2.96,4.405
195102,5.94,10.77,18.928,27.087,15.495,15.235,0.018,16.221,0.7637,3.76,0.061
195103,6.99,16.556,24.363,32.172,24.914,16.302,2.383,15.614,0,5.13,41.018
195104,8.16,19.592,27.551,35.51,29.47,19.971,2.3711,15.92,0,6.42,11.515
195105,7.28,24.293,29.616,34.972,44.091,27.462,4.2571,10.614,0,5.94,54.492
195106,6.69,24.367,29.127,33.885,68.226,31.958,9.2933,9.45,0,5.71,251.151
195107,5.51,25.006,28.469,31.931,77.292,33.092,17.9336,6.923,0,4.74,614.707
195108,5.2,25.992,29.259,32.623,73.955,33.725,13.7201,6.632,0,4.48,393.189
195109,5.21,25.064,28.729,32.494,60.495,32.127,10.1063,7.431,0,4.18,245.165
195110,5.5,22.375,27.498,32.621,45.608,27.833,4.0678,10.243,0,4.02,88.949
195111,5.44,15.398,22.233,29.069,31.17,19.538,1.3686,13.671,0,3.37,19.946
195112,4.93,9.906,17.504,25.103,26.434,15.467,0,15.196,2.0282,2.78,0
195201,4.92,9.838,16.6,23.427,15.04,14.399,0.0072,13.589,2.3014,2.72,0.007
195202,5.55,11.808,18.934,26.06,24.981,14.864,1.0179,14.251,0.0007,3.52,7.628
195203,7.04,12.932,21.793,30.754,34.493,16.669,1.6478,17.822,0.0099,5.14,21.534
195204,7.94,18.866,26.855,34.846,38.402,20.404,2.7947,15.981,0,6.33,83.773
195205,7.67,21.789,28.183,34.641,50.709,27.597,4.502,12.851,0,6.31,60.301
195206,6.56,24.695,29.187,33.747,65.719,32.491,14.3212,9.053,0,5.56,531.786
195207,5.3,24.931,28.162,31.395,78.848,33.191,14.0743,6.463,0,4.55,346.882
195208,4.93,25.597,28.594,31.593,76.016,33.226,12.5517,5.995,0,4.18,363.324
195209,5.18,23.632,27.595,31.563,68.323,32.026,10.3705,7.933,0,4.21,353.14
195210,5.56,22.128,27.095,32.133,38.331,26.364,3.7146,10.007,0,3.92,99.67
195211,5.89,13.702,21.767,29.897,24.691,19.035,1.1661,16.195,0,3.62,8.082
195212,4.93,9.676,17.072,24.468,23.812,15.135,0,14.794,1.2587,2.71,0
195301,4.6,8.013,15.137,22.297,31.075,14.568,2.212,14.285,4.4186,2.66,44.338
195302,5.62,10.97,19.066,27.226,31.536,15.8,1.0001,16.222,0.0032,3.78,2.561
195303,6.53,17.332,24.961,32.623,47.421,18.902,1.4403,15.291,0,5.16,12.221
195304,7.99,20.098,27.852,35.579,35.666,20.969,2.009,15.48,0,6.38,13.072
195305,7.5,23.427,29.285,35.177,49.781,28.261,4.2262,11.75,0,6.18,57.994
195306,6.51,24.197,28.691,33.252,69.082,31.89,10.6267,9.055,0,5.5,330.299
195307,5.21,24.697,27.864,31.094,80.315,32.892,16.6649,6.396,0,4.5,531.169
195308,5.18,25.664,29.031,32.3,75.455,33.525,11.2495,6.636,0,4.45,258.553
195309,5.17,23.996,27.862,31.73,68.052,31.993,9.1323,7.733,0,4.17,327.5
195310,5.83,20.366,26.195,32.026,41.547,26.064,2.32,11.597,0,4.15,7.452
195311,5.48,14.569,21.402,28.303,24.104,18.903,0.1976,13.734,0,3.31,0.197
195312,5.02,11.042,18.804,26.601,27.745,15.534,0.9995,15.559,0,2.91,3.632
195401,4.81,7.577,15.302,23.027,28.012,14.601,1.5888,15.451,4.0287,2.78,25.36
195402,5.7,11.609,19.934,28.259,33.791,16.231,1.0001,16.649,0,3.91,3.66
195403,7.25,15.467,24.23,33.054,27.822,16.87,1.0004,17.586,0,5.42,3.814
195404,7.94,22.363,29.753,37.144,33.936,21.966,1.0001,14.779,0,6.48,13.5
195405,7.34,24.489,29.882,35.375,50.287,27.763,5.6362,10.885,0,6.02,120.459
195406,6.21,23.868,28.028,32.19,71.348,31.659,13.0922,8.319,0,5.2,450.871
195407,5.12,24.733,27.762,30.891,79.587,33.026,17.7738,6.158,0,4.41,525.631
195408,4.66,25.658,28.424,31.19,78.195,33.625,11.9498,5.531,0,4,284.891
195409,4.82,25.265,28.595,31.961,71.095,32.259,9.3244,6.696,0,3.94,334.413
195410,5.73,19.967,25.433,30.963,39.885,25.963,2.5937,10.996,0,3.95,74.397
195411,5.82,13.008,20.87,28.798,20.695,17.87,0,15.79,0,3.49,0
195412,4.71,9.747,17.008,24.27,30.511,15.465,0.9982,14.522,1.3379,2.69,2.09
195501,4.95,8.273,16.198,24.126,26.571,13.966,1.6169,15.851,2.6559,2.89,19.891
195502,5.94,9.146,18.071,27.03,24.516,15.132,1.0001,17.885,1.7105,3.86,6.625
195503,7,16.17,24.395,32.621,32.248,16.669,1.0004,16.452,0,5.27,4.383
195504,7.83,19.334,26.786,34.242,33.167,19.969,2.33,14.909,0,6.11,43.879
195505,7.51,23.297,29.225,35.182,49.627,26.795,3.4316,11.883,0,6.21,47.411
195506,6.24,24.531,28.625,32.748,68.818,32.726,10.8786,8.216,0,5.24,383.665
195507,5.19,24.432,27.598,30.831,82.179,33.292,19.6817,6.395,0,4.47,869.631
195508,5.03,24.43,27.697,30.964,77.69,33.325,10.2849,6.533,0,4.3,287.224
195509,5,24.465,28.231,31.997,71.595,32.161,8.7918,7.529,0,4.16,202.462
195510,5.32,22.363,27.231,32.164,48.897,26.7,3.3016,9.797,0,3.89,61.783
195511,5.4,15.739,22.567,29.397,33.899,18.701,1.1329,13.657,0,3.4,2.518
195512,4.77,9.674,16.934,24.259,30.311,15.465,1.0007,14.585,1.314,2.68,1.638
195601,4.84,8.474,15.901,23.359,24.818,14.266,1.3563,14.887,1.7674,2.77,17.381
195602,5.79,10.068,18.394,26.72,24.184,14.697,1.0001,16.653,2.172,3.75,10.297
195603,6.79,16.664,24.589,32.516,36.904,16.471,1.4503,15.852,0,5.2,18.649
195604,7.78,21.003,28.257,35.514,34.833,20.868,3.324,14.478,0,6.23,90.738
195605,7.42,23.935,29.795,35.653,55.638,26.861,7.1605,11.718,0,6.25,219.416
195606,6.11,24.602,28.661,32.755,74.905,30.26,11.8472,8.153,0,5.21,374.578
195607,5.68,24.658,28.324,32.056,77.214,32.091,13.7766,7.397,0.0035,4.89,331.107
195608,5.27,24.992,28.39,31.82,74.251,33.224,13.077,6.828,0,4.46,328.766
195609,5.31,23.229,27.429,31.629,68.312,31.727,11.3646,8.367,0,4.32,328.637
195610,5.05,21.703,26.234,30.8,52.986,26.465,3.7496,9.097,0,3.68,138.942
195611,5.23,15.379,21.708,28.135,32.424,18.802,1.0433,12.756,0,3.21,31.208
195612,4.63,10.411,17.135,23.862,30.822,15.47,1.0087,13.451,0.4688,2.58,4.646
195701,4.43,9.342,15.869,22.491,37.81,14.731,2.2538,13.15,0.0059,2.6,26.967
195702,5.38,9.414,17.075,24.732,32.81,15.132,1.0001,15.284,1.6576,3.46,4.194
195703,6.82,14.301,22.562,30.888,34.097,15.771,1.2721,16.586,0,5.06,10.569
195704,8.3,19.493,27.848,36.171,27.498,19.568,0.6421,16.679,0,6.61,3.982
195705,8.05,24.349,30.873,37.432,44.394,27.893,2.8659,13.083,0,6.74,76.075
195706,6.85,24.032,28.792,33.583,61.157,32.02,8.2946,9.486,0,5.67,161.865
195707,5.37,25.53,28.796,32.129,79.056,33.492,15.1073,6.599,0,4.66,394.224
195708,5.31,24.96,28.426,31.926,73.822,33.525,9.9575,6.966,0,4.5,168.933
195709,5.48,24.224,28.328,32.494,61.311,32.026,9.0077,8.269,0,4.37,219.607
195710,5.88,19.602,25.266,30.996,34.851,26.029,1.5623,11.395,0,4.01,57.559
195711,5.86,13.777,21.472,29.201,16.335,18.669,0.7676,15.424,0,3.51,0.79
195712,4.82,11.046,18.209,25.372,27.165,15.87,1.0031,14.328,0.0015,2.75,2.799
195801,4.74,10.906,17.567,24.227,26.819,14.967,1.6339,13.286,0,2.76,22.418
195802,5.34,11.134,18.395,25.622,34.778,15.531,1.0001,14.487,0.1787,3.51,7.446
195803,7.13,14.833,23.526,32.285,28.945,16.636,1.4209,17.419,0,5.32,18.479
195804,7.76,21.691,28.982,36.275,37.357,21.069,2.7085,14.585,0,6.34,38.076
195805,7.48,24.29,30.145,36,51.457,27.929,3.7632,11.71,0,6.28,78.999
195806,6.83,25.792,30.485,35.177,62.196,32.922,9.1044,9.352,0,5.83,191.864
195807,5.9,25.43,29.294,33.224,78.215,33.092,13.7251,7.793,0,5.12,399.635
195808,5.06,24.932,28.198,31.464,79.59,34.059,15.5328,6.498,0,4.34,534.172
195809,5.13,24.663,28.53,32.396,68.35,32.127,9.5024,7.731,0,4.25,231.661
195810,5.57,22.098,27.432,32.798,46.521,26.764,3.5654,10.698,0,4.09,92.622
195811,5.59,15.477,22.741,30.008,29.607,19.038,1.0068,14.497,0,3.51,1.674
195812,4.76,11.407,18.57,25.733,33.036,15.468,0,14.228,0,2.78,0
195901,4.52,9.976,16.402,22.828,33.476,14.466,2.1286,12.854,0,2.61,14.919
195902,5.57,9.637,17.896,26.157,35.157,15.431,0,16.423,1.2749,3.68,0
195903,7.09,14.505,23.266,32.092,32.079,16.703,1.0006,17.587,0,5.3,3.672
195904,7.66,21.106,28.359,35.645,40.692,20.369,1.1721,14.54,0,6.24,15.928
195905,7.48,23.36,29.25,35.24,53.158,27.595,5.0752,11.88,0,6.21,102.555
195906,6.78,23.903,28.862,33.821,69.121,31.893,8.4472,9.918,0,5.79,180.229
195907,5.5,25.429,28.894,32.424,79.72,33.091,14.8261,6.995,0,4.8,470.781
195908,5.13,25.893,29.125,32.39,76.747,33.525,12.3051,6.497,0,4.42,345.043
195909,5.04,24.497,28.128,31.794,69.177,31.226,12.5243,7.296,0,4.09,478.789
195910,4.85,21.774,26.035,30.366,57.912,27.1,6.3223,8.593,0,3.55,267.705
195911,5.56,14.446,21.708,29.034,27.494,19.003,0,14.555,0,3.44,0
195912,4.95,10.647,18.208,25.869,28.141,15.468,0,15.222,0.0465,2.83,0
196001,5.01,7.539,15.565,23.526,20.77,14.266,0.4258,15.988,3.2332,2.85,0.426
196002,6.02,12.097,20.459,28.886,22.053,15.497,0,16.755,0,3.99,0
196003,6.73,14.24,22.463,30.69,40.283,16.57,1.7305,16.451,0,5.03,25.871
196004,8.17,20.864,28.753,36.643,27.46,20.467,1.1607,15.778,0,6.56,3.292
196005,7.71,24.36,30.453,36.612,49.711,27.497,3.742,12.22,0,6.46,54.338
196006,6.77,24.366,29.127,33.887,65.691,31.924,7.0671,9.456,0,5.71,169.79
196007,5.24,25.099,28.33,31.561,81.152,33.294,15.0789,6.46,0,4.57,418.39
196008,5.13,26.029,29.259,32.525,77.12,33.928,11.4802,6.496,0,4.42,245.987
196009,4.81,24.064,27.527,30.993,72.489,32.329,10.8464,6.895,0,3.93,353.379
196010,5.4,21.83,26.794,31.826,46.25,26.665,3.0573,9.995,0,3.89,40.053
196011,5.62,14.303,21.534,28.863,24.461,18.836,0.0042,14.559,0,3.42,0.004
196012,4.99,11.278,18.874,26.469,24.604,15.47,0,15.157,0.0008,2.88,0
196101,4.86,10.344,17.535,24.761,29.738,14.466,1.0101,14.353,0,2.87,4.406
196102,5.22,10.077,17.57,24.998,40.58,14.434,1.7216,14.92,0.2228,3.48,43.622
196103,6.79,16.411,24.532,32.655,38.774,18.004,1.0004,16.181,0,5.25,2.54
196104,7.99,21.03,28.654,36.344,34.468,20.803,1.0874,15.279,0,6.44,8.441
196105,7.38,24.525,30.149,35.807,51.792,27.432,3.9889,11.283,0,6.16,70.147
196106,6.42,24.765,29.16,33.556,69.681,31.858,10.1926,8.791,0,5.48,228.014
196107,5.66,25.462,29.093,32.758,77.618,33.392,12.6535,7.295,0,4.94,301.39
196108,5.06,26.13,29.294,32.46,77.315,34.161,11.3676,6.329,0,4.38,261.682
196109,5.01,24.903,28.469,32.134,69.847,32.362,8.2798,7.231,0,4.1,302.131
196110,5.17,22.193,26.596,31.097,47.466,26.831,3.5347,8.904,0,3.67,109.208
196111,5.29,14.401,20.928,27.457,32.34,18.604,1.02,13.056,0,3.18,5.87
196112,4.68,7.94,15.336,22.731,29.385,14.869,1.0033,14.792,3.9312,2.57,3.594
196201,4.89,7.945,15.573,23.234,21.396,13.668,1.4968,15.288,3.9591,2.79,17.837
196202,5.38,11.363,18.823,26.284,35.072,15.431,1.0001,14.921,0.5011,3.59,9.063
196203,7.12,14.762,23.387,32.046,28.715,16.57,1.0501,17.284,0,5.27,6.415
196204,8.15,20.462,28.55,36.64,36.497,20.369,2.2327,16.177,0,6.61,30.183
196205,7.34,22.961,28.651,34.408,52.293,27.5,4.9794,11.447,0,6.02,89.574
196206,6.32,24.702,28.96,33.252,69.123,32.727,9.5373,8.551,0,5.38,232.891
196207,5.7,25.296,28.861,32.489,75.452,34.058,13.2158,7.193,0,4.86,338.658
196208,4.74,25.029,27.796,30.662,76.862,33.86,13.5185,5.632,0,3.99,480.829
196209,4.97,24.668,28.197,31.762,68.141,32.462,10.8063,7.094,0,4.04,264.184
196210,5.61,20.458,25.724,31.089,40.847,26.265,1.7036,10.63,0,3.92,38.873
196211,5.74,14.176,21.605,29.033,20.6,18.702,0,14.855,0,3.45,0
196212,4.87,9.875,17.469,25.065,28.85,15.468,1.0034,15.19,1.1004,2.77,1.98
196301,5.28,6.875,15.636,24.397,15.908,13.332,0.4258,17.523,5.2122,2.99,0.426
196302,6.24,10.099,19.194,28.356,16.596,15.231,0.8565,18.222,1.3074,4.03,0.922
196303,6.89,14.63,22.693,30.855,32.228,16.471,2.5567,16.225,0,5.03,57.624
196304,7.57,19.464,26.586,33.741,38.198,20.404,2.236,14.278,0,5.95,51.599
196305,6.98,22.597,27.889,33.181,52.129,27.096,6.8707,10.584,0,5.7,169.201
196306,6.39,24.998,29.323,33.616,66.362,32.161,10.1307,8.619,0,5.44,215.449
196307,5.33,25.365,28.596,31.862,78.423,33.693,15.2172,6.496,0,4.6,381.559
196308,4.91,25.697,28.696,31.695,77.431,34.025,11.4442,5.998,0,4.19,200.028
196309,5.22,24.296,28.163,32.129,66.56,32.526,8.6331,7.831,0,4.25,227.307
196310,5.24,21.594,26.225,30.893,46.495,26.599,5.7819,9.298,0,3.72,193.724
196311,5.06,15.21,21.434,27.663,37.28,19.403,1.0566,12.454,0,3.15,10.054
196312,5.16,9.673,18.234,26.826,26.919,15.467,0,17.151,0.4134,3.01,0
196401,5.04,7.978,15.905,23.866,22.414,14.333,1.0101,15.888,2.7745,2.87,1.551
196402,5.56,10.541,18.466,26.427,30.944,15.431,0.8707,15.886,0.1838,3.67,1.333
196403,7.09,15.767,24.395,33.121,34.479,17.168,1.0004,17.353,0,5.41,4.404
196404,7.58,21.563,28.454,35.408,40.739,20.67,2.7392,13.845,0,6.1,45.977
196405,7.42,21.929,27.852,33.808,50.893,26.598,5.0304,11.814,0,6.03,58.653
196406,6.83,24.757,29.651,34.613,66.453,32.191,9.88,9.857,0,5.86,225.497
196407,5.27,24.796,27.961,31.225,79.824,32.461,16.0333,6.429,0,4.52,472.724
196408,4.96,25.631,28.693,31.759,76.059,33.625,12.6228,6.129,0,4.24,295.47
196409,4.8,24.965,28.329,31.696,70.221,32.56,7.9423,6.73,0,3.94,148.613
196410,5.53,22.094,27.228,32.459,44.562,27.198,2.5388,10.365,0,4,58.02
196411,5.5,15.602,22.399,29.2,27.072,19.203,0,13.596,0,3.37,0
196412,4.94,9.945,17.607,25.27,26.636,15.467,0,15.326,1.12,2.8,0
196501,5.17,8.571,16.799,25.06,21.158,14.4,0,16.489,2.7806,3,0
196502,5.78,10.233,18.358,26.484,25.383,15.431,1.0001,16.185,1.3731,3.7,5.07
196503,6.86,13.999,22.323,30.651,34.017,16.57,1.182,16.652,0,5.05,11.666
196504,7.75,19.733,27.257,34.846,38.098,20.07,2.8428,15.08,0,6.21,50.776
196505,7.58,23.424,29.417,35.442,47.559,27.73,4.515,12.018,0,6.27,90.331
196506,7.01,24.095,29.187,34.312,63.871,33.225,6.5225,10.218,0,5.92,111.386
196507,5.4,24.566,27.896,31.226,77.929,33.091,14.3796,6.597,0,4.59,392.718
196508,5.42,24.061,27.727,31.459,74.499,33.525,12.3493,7.363,0,4.57,343.967
196509,5.5,23.128,27.558,32.024,65.555,31.927,6.9476,8.832,0,4.46,139.709
196510,5.46,21.021,25.988,31.019,42.721,26.362,2.5517,9.997,0,3.83,23.363
196511,5.56,13.902,21.198,28.557,27.812,19.104,1.0068,14.655,0,3.4,12.076
196512,5.2,8.447,17.208,25.974,22.856,15.302,0.2446,17.527,2.7152,2.96,0.245
196601,4.91,8.514,16.276,24.103,24.952,14.266,1.8588,15.589,4.7883,2.87,24.912
196602,5.89,11.338,19.96,28.583,29.209,15.898,1.0001,17.147,0,3.99,3.037
196603,7.05,16.335,24.461,32.622,28.01,16.537,0.235,16.287,0,5.25,0.235
196604,8.05,21.092,28.716,36.405,32.11,20.569,1.3704,15.277,0,6.45,6.595
196605,7.66,23.86,29.854,35.879,46.557,27.997,3.5074,12.015,0,6.33,57.963
196606,6.46,24.993,29.353,33.745,68.055,31.557,9.0927,8.752,0,5.49,306.378
196607,5.76,24.899,28.63,32.298,75.365,33.36,12.0093,7.398,0,4.92,234.266
196608,4.9,25.398,28.364,31.332,76.727,33.729,13.188,5.934,0,4.15,302.157
196609,5.32,23.654,27.653,31.719,65.099,32.026,7.2744,8.065,0,4.25,196.925
196610,5.71,19.43,24.961,30.491,37.703,25.967,2.4809,11.061,0.0099,3.93,21.704
196611,5.36,15.214,22.009,28.837,29.888,19.836,1.123,13.623,0,3.34,31.073
196612,4.9,10.646,18.006,25.368,26.255,15.467,1.0156,14.723,0.0099,2.77,2.001
196701,4.94,9.409,16.738,24.166,21.588,14.267,1.0101,14.755,0.9728,2.83,4.415
196702,6.12,10.707,19.333,27.989,18.861,15.93,0.327,17.282,0,3.93,0.327
196703,6.57,14.576,22.299,30.024,41.209,16.204,2.2842,15.449,0,4.86,52.458
196704,7.84,18.004,25.693,33.381,32.636,20.268,3.1356,15.342,0.01,6.05,90.178
196705,7.42,22.525,28.419,34.378,49.12,27.497,2.8445,11.85,0,6.09,25.266
196706,6.76,24.295,29.089,33.95,64.987,32.857,7.5492,9.653,0,5.74,175.868
196707,5.76,24.964,28.695,32.46,76.455,32.99,14.8799,7.496,0,4.95,369.479
196708,4.77,25.925,28.693,31.46,74.613,33.725,11.9833,5.535,0,4.03,314.193
196709,5.32,24.323,28.322,32.421,67.086,32.027,7.5844,8.098,0,4.33,181.476
196710,5.72,19.759,25.223,30.757,40.363,25.963,1.9214,10.998,0,3.94,39.28
196711,5.49,13.196,20.295,27.49,23.636,18.703,1.0007,14.295,0,3.28,1.238
196712,4.74,10.44,17.802,25.162,32.906,16.166,0.3632,14.724,0.1893,2.76,0.364
196801,4.58,8.439,15.364,22.291,33.253,14.266,1.5772,13.786,2.2712,2.63,23.197
196802,5.5,9.241,17.202,25.162,30.066,15.132,1.0001,15.922,1.7545,3.55,1.438
196803,6.79,15.571,23.599,31.725,36.28,16.871,1.0223,16.153,0,5.13,9.266
196804,7.68,20.132,27.417,34.705,37.568,20.204,2.0649,14.575,0,6.12,17.237
196805,7.63,23.36,29.448,35.539,49.491,27.595,3.1644,12.145,0,6.31,31.284
196806,5.77,24.702,28.259,31.818,71.752,32.818,12.6941,7.116,0,4.83,445.636
196807,5.15,25.064,28.195,31.326,81.094,33.092,16.1362,6.196,0,4.49,484.286
196808,5.27,25.294,28.695,32.161,73.955,33.725,12.499,6.832,0,4.49,265.515
196809,5.4,24.463,28.561,32.664,65.994,32.127,7.671,8.167,0,4.38,157.732
196810,5.12,20.821,25.184,29.617,45.465,27.027,3.6452,8.796,0,3.52,249.282
196811,5.29,14.956,21.485,28.111,30.8,19.003,1.0068,13.155,0,3.24,2.657
196812,4.83,9.364,16.925,24.522,29.681,15.202,1.0022,15.157,0.0177,2.73,3.704
196901,5.18,6.41,15.401,24.36,21.529,14.167,1.0102,17.951,4.4674,3,8.206
196902,5.88,10.605,19.231,27.956,26.392,15.93,1.0001,17.351,0.0066,3.92,1.753
196903,7.11,16.368,24.895,33.424,34.177,17.935,1.3432,17.054,0,5.42,18.093
196904,7.79,20.496,27.75,35.004,35.16,20.767,2.4835,14.443,0,6.15,30.213
196905,7.46,22.301,28.291,34.248,50.78,26.763,5.7201,11.948,0,6.1,132.862
196906,6.74,24.398,29.159,33.919,64.164,32.094,9.0365,9.453,0,5.71,152.254
196907,5.32,25.066,28.296,31.562,79.058,33.327,13.6533,6.497,0,4.58,401.596
196908,5.08,24.798,27.998,31.2,74.414,33.525,13.7608,6.306,0,4.28,385.411
196909,5.03,23.998,27.698,31.462,69.85,32.127,10.1342,7.43,0,4.09,251.004
196910,5.5,20.728,25.926,31.191,42.932,26.362,2.4495,10.463,0,3.9,50.233
196911,5.46,16.14,22.968,29.864,30.085,19.768,1.0068,13.721,0,3.43,28.054
196912,5.09,9.645,17.806,26.003,26.579,15.201,0,16.358,0.6338,2.91,0
197001,4.76,8.643,15.904,23.164,28.55,14.266,1.0302,14.52,1.5986,2.74,10.656
197002,5.31,10.368,17.796,25.22,35.832,15.431,1.4173,14.852,1.2328,3.49,20.417
197003,6.82,14.518,22.893,31.333,37.8,16.27,1.0324,16.814,0,5.14,5.977
197004,8.36,19.677,28.287,36.896,34.269,20.333,1.4581,17.218,0,6.78,16.524
197005,7.7,23.864,29.953,36.044,48.091,26.296,4.5699,12.148,0,6.39,67.428
197006,6.45,24.232,28.627,33.088,68.545,30.793,10.7822,8.856,0,5.42,330.018
197007,5.41,25.203,28.532,31.928,78.194,33.327,13.9655,6.725,0,4.68,416.624
197008,5.08,25.431,28.595,31.826,76.292,33.523,12.3331,6.361,0,4.33,308.103
197009,5,24.366,27.997,31.629,69.381,32.127,9.1592,7.198,0,4.05,276.884
197010,5.32,21.767,26.399,31.062,43.581,26.465,4.1253,9.295,0,3.73,84.648
197011,5.44,13.908,20.735,27.561,25.452,18.504,1.0068,13.654,0,3.25,2.219
197012,5.11,9.379,17.239,25.101,17.12,14.769,0,15.722,2.1875,2.81,0
197101,4.67,9.302,16.098,22.897,27.644,14.266,1.0101,13.593,0.3389,2.68,5.589
197102,5.69,9.936,17.767,25.662,23.484,15.231,0.9669,15.724,1.799,3.59,1.209
197103,7.07,14.105,22.695,31.385,31.651,16.038,1.1616,17.28,0,5.18,11.508
197104,7.08,19.105,25.462,31.819,41.973,18.673,4.3758,12.65,0,5.47,128.028
197105,6.84,21.593,26.79,32.054,54.186,25.735,5.9722,10.46,0,5.52,124.098
197106,5.62,24.57,28.097,31.626,75.249,31.228,12.08,6.992,0,4.79,294.919
197107,5.2,24.199,27.299,30.5,79.056,31.727,16.0782,6.301,0,4.41,392.177
197108,5.12,23.867,27.233,30.696,77.857,32.125,12.836,6.827,0.01,4.35,286.884
197109,5.43,23.463,27.794,32.124,65.59,31.727,8.6679,8.597,0,4.42,234.759
197110,5,22.198,26.398,30.6,48.823,26.465,4.9417,8.402,0,3.54,185.681
197111,5.12,14.704,20.838,27.039,32.415,19.102,1.0765,12.335,0,3.1,9.021
197112,4.89,10.377,17.61,24.844,22.616,15.201,0,14.467,0.2443,2.72,0
197201,5.11,9.02,16.711,24.504,19.688,13.968,1.0101,15.482,0.6472,2.9,8.745
197202,5.26,9.581,17.071,24.563,36.597,14.766,1.4667,14.981,2.1591,3.43,9.476
197203,7.11,14.946,23.801,32.72,35.307,15.972,1.11,17.74,0,5.39,4.78
197204,8.02,19.035,26.919,34.803,31.781,20.168,2.3619,15.766,0,6.29,36.29
197205,8.76,22.539,30.285,38.065,37.562,26.632,4.7409,15.526,0,7.26,68.866
197206,7.79,22.471,28.724,35.007,57.844,31.556,8.1904,12.533,0.01,6.49,243.374
197207,6.61,23.974,28.736,33.529,68.727,33.292,13.1524,9.555,0,5.6,369.453
197208,6.15,23.6,28.162,32.755,70.351,33.025,10.5845,9.155,0.01,5.13,182.255
197209,5.93,21.303,26.397,31.526,60.156,31.259,11.1466,10.222,0.01,4.65,440.036
197210,6.08,19.442,25.732,32.024,35.737,24.967,4.1693,12.583,0,4.27,40.848
197211,5.47,12.944,20.205,27.567,28.898,18.703,0.3567,14.624,0,3.31,0.76
197212,4.95,9.014,17.208,25.368,28.33,15.566,0,16.355,1.9547,2.86,0
197301,4.93,8.822,16.511,24.297,25.994,14.799,1.4303,15.475,1.3846,2.88,21.152
197302,5.78,10.015,18.6,27.188,33.008,15.567,1.1247,17.173,1.3521,3.83,8.561
197303,7.2,12.586,22,31.448,34.203,15.906,1.1532,18.798,0.0001,5.32,10.186
197304,8.74,18.439,27.788,37.141,30.407,20.869,2.0757,18.702,0,6.99,6.329
197305,7.1,22.829,28.189,33.583,52.884,27.099,6.2389,10.687,0,5.78,113.842
197306,6.53,23.077,27.797,32.518,69.685,32.092,12.1846,9.441,0.0001,5.52,416.713
197307,6.28,24.004,28.496,33.056,74.713,31.992,13.9815,9.052,0.0001,5.42,245.467
197308,5.92,24.102,28.495,32.89,74.791,33.523,11.6828,8.788,0,5.06,351.761
197309,5.32,23.571,27.798,32.06,71.037,32.027,11.3279,8.49,0,4.37,284.181
197310,5.27,21.369,26.296,31.323,52.652,26.599,6.2433,9.953,0,3.84,340.829
197311,5.4,14.213,21.368,28.59,34.72,19.036,1.1296,14.378,0,3.38,40.727
197312,4.89,9.848,17.606,25.459,31.348,15.302,0.9842,15.611,1.0899,2.83,3.392
197401,4.83,7.222,15.041,22.86,27.397,13.767,1.106,15.638,3.0044,2.78,14.4
197402,5.68,10.417,18.541,26.666,28.873,15.031,0,16.248,0.0797,3.72,0
197403,6.56,15.008,22.767,30.591,40.788,16.537,1.5216,15.55,0,4.93,22.77
197404,7.74,20.542,27.925,35.376,40.151,20.769,2.6245,14.834,0,6.24,41.571
197405,8.01,21.137,28.055,35.07,50.397,26.898,6.3138,13.935,0,6.55,154.175
197406,7.18,23.204,28.689,34.239,65.694,31.824,9.7288,11.003,0,6.08,249.022
197407,6.05,23.44,27.697,32.02,77.991,32.826,19.2855,8.58,0,5.19,691.464
197408,6.12,23.411,28.198,32.984,75.367,33.094,12.0137,9.572,0,5.25,292.884
197409,5.78,22.705,27.626,32.616,64.428,32.026,8.8476,9.876,0,4.71,277.781
197410,5.65,22.505,27.769,33.131,42.849,27.366,3.5756,10.623,0,4.1,58.823
197411,5.77,13.749,21.138,28.561,21.549,18.939,0.9888,14.813,0,3.41,5.96
197412,4.84,8.149,15.909,23.671,26.843,14.903,1.0022,15.522,3.0558,2.69,2.52
197501,4.78,8.311,15.8,23.289,27.148,13.965,1.2874,14.913,2.7393,2.77,11.89
197502,5.09,11.635,18.398,25.194,38.728,15.632,1.0001,13.559,0,3.39,5.67
197503,6.64,15.626,23.226,30.923,35.321,16.471,0.8,15.296,0,4.94,1.643
197504,7.9,20.631,28.021,35.479,31.86,20.435,2.0837,14.849,0,6.27,23.177
197505,7.72,22.493,28.75,35.007,47.223,26.962,6.1723,12.48,0,6.31,169.39
197506,6.74,24.133,28.891,33.649,66.517,31.557,9.8617,9.518,0,5.68,483.681
197507,5.66,23.172,26.932,30.693,78.126,32.126,17.1318,7.457,0.01,4.77,578.557
197508,5.55,24.465,28.295,32.192,73.646,32.79,9.078,7.728,0,4.73,119.592
197509,4.66,24.197,27.432,30.767,71.925,32.427,11.6411,6.569,0,3.81,523.847
197510,5.12,23.104,27.605,32.108,49.504,27.465,3.4363,8.906,0,3.77,34.553
197511,5.28,16.23,22.135,28.138,26.511,18.204,0.0061,11.909,0,3.14,0.021
197512,4.77,10.173,17.008,23.906,24.153,15.001,0,13.733,2.062,2.61,0
197601,4.77,8.568,15.767,22.999,24.042,14.266,1.0101,14.43,2.284,2.73,4.612
197602,5.21,12.271,19.267,26.263,37.835,15.431,1.2731,13.993,0,3.53,26.229
197603,6.86,15.975,24.097,32.222,37.907,16.369,0.9821,16.247,0,5.2,2.091
197604,7.79,20.224,27.421,34.716,34.466,19.769,2.7788,14.492,0,6.1,53.282
197605,7.06,22.426,27.853,33.248,53.29,27.231,6.5203,10.819,0,5.76,156.498
197606,6.27,24.828,28.987,33.144,66.727,31.659,10.0612,8.315,0,5.3,369.791
197607,5.45,24.797,28.128,31.494,76.455,32.056,14.6074,6.697,0,4.63,311.401
197608,5.08,24.896,28.06,31.294,75.433,33.059,13.0255,6.396,0,4.29,429.748
197609,4.81,23.959,27.295,30.731,68.902,31.292,8.8577,6.772,0,3.85,190.338
197610,5.61,21.035,26.365,31.698,38.264,26.131,1.6766,10.63,0,3.98,23.588
197611,5.52,17.509,24.007,30.603,24.832,20.501,0.3048,13.096,0,3.44,0.305
197612,5.04,10.278,17.606,24.966,20.181,15.465,0.0054,14.69,1.3021,2.74,0.005
197701,4.7,9.478,16.341,23.238,26.846,14.266,0.5765,13.758,0.1637,2.7,0.581
197702,5.66,11.142,19.003,26.864,25.911,15.132,1.0001,15.722,0,3.71,4.741
197703,7.08,16.872,25.229,33.618,34.247,17.269,1.0004,16.746,0,5.42,3.629
197704,7.17,21.234,27.421,33.641,43.837,20.307,3.6705,12.406,0,5.65,75.476
197705,6.78,20.932,26.026,31.119,54.526,25.797,7.6843,10.151,0,5.35,120.173
197706,5.98,23.801,27.759,31.785,70.253,31.659,7.1321,7.95,0,5.07,192.858
197707,4.84,25.329,28.067,30.869,81.045,33.591,16.0886,5.54,0,4.21,380.159
197708,5.06,25.63,28.796,32.062,76.49,33.525,9.7424,6.434,0,4.36,254.847
197709,5.05,24.624,28.226,31.894,67.988,32.127,7.6403,7.269,0,4.09,139.69
197710,5.1,21.1,25.567,30.068,47.504,26.665,4.2239,8.968,0,3.58,195.336
197711,5.01,16.976,22.671,28.403,36.337,20.103,1.3056,11.428,0,3.12,23.542
197712,4.45,9.982,16.109,22.27,32.689,15.467,1.0103,12.289,0.377,2.39,23.058
197801,4.58,7.065,14.231,21.396,29.182,13.967,1.1759,14.268,5.0957,2.59,7.817
197802,5.09,10.733,17.567,24.496,37.657,15.565,1.0001,13.761,0.6985,3.34,14.184
197803,6.61,14.037,21.861,29.753,36.428,15.669,2.261,15.682,0.01,4.85,45.26
197804,7.46,19.363,26.289,33.28,37.723,20.202,3.0035,13.915,0,5.84,43.029
197805,6.83,23.001,28.093,33.25,57.091,27.897,6.5088,10.217,0,5.64,168.473
197806,5.99,24.36,28.227,32.191,72.012,31.892,10.1105,7.829,0,5.06,311.147
197807,5.2,24.926,28.03,31.166,78.612,32.791,15.1156,6.175,0,4.46,422.11
197808,5.05,25.027,28.229,31.465,76.951,33.592,12.0688,6.437,0,4.31,252.594
197809,4.54,24.79,27.862,30.934,73.115,31.228,8.9298,6.144,0,3.73,277.99
197810,4.99,22.164,26.401,30.674,48.375,26.863,3.3867,8.508,0,3.56,91.381
197811,5.17,16.769,22.868,28.97,33.185,20.002,1.0068,12.165,0,3.24,26.346
197812,4.69,11.338,18.006,24.707,29.438,15.532,0.0018,13.37,0,2.65,0.002
197901,4.85,9.67,16.802,23.935,26.364,14.865,1.0106,14.265,0.3003,2.79,8.833
197902,4.9,10.801,17.365,23.931,43.221,14.932,1.2784,13.098,1.028,3.24,25.657
197903,6.87,14.834,23.263,31.66,36.973,16.371,0.9285,16.827,0,5.19,0.93
197904,7.61,20.722,27.852,34.982,37.866,20.269,2.6817,14.259,0,6.12,49.946
197905,8.07,23.13,29.785,36.441,42.524,26.697,3.8302,13.312,0,6.65,36.409
197906,6.74,24.895,29.587,34.28,65.295,32.222,7.9083,9.386,0,5.72,237.591
197907,5.43,25.066,28.398,31.729,76.056,32.592,16.2227,6.6,0,4.64,503.902
197908,5.39,25.86,29.425,32.989,75.765,33.525,13.8246,7.066,0,4.65,413.165
197909,5.33,23.694,27.724,31.822,64.726,31.491,8.7402,8.13,0,4.29,204.417
197910,5.21,22.201,26.831,31.527,45.73,27.03,4.4311,9.328,0,3.77,156.726
197911,5.18,17.94,23.94,30.04,35.764,21.366,1.3089,12.1,0,3.31,9.273
197912,4.14,12.209,17.606,23.003,42.668,15.67,1.0099,10.794,0,2.34,36.752
198001,4.63,9.604,16.202,22.863,27.847,14.665,1.0174,13.26,1.4928,2.65,3.692
198002,5.2,11.613,18.604,25.596,37.03,15.531,1.0065,13.982,0,3.46,10.15
198003,6.42,16.071,23.46,30.851,41.405,16.572,1.8179,14.778,0,4.89,30.679
198004,7.92,21.537,28.95,36.363,35.134,20.87,1.8433,14.826,0,6.39,7.926
198005,6.7,22.829,27.684,32.51,55.73,27.698,6.6945,9.681,0,5.43,176.911
198006,5.63,25.655,29.089,32.589,73.356,30.694,10.6669,6.933,0,4.86,271.788
198007,4.93,26.025,28.761,31.564,79.586,32.359,14.5464,5.54,0,4.27,414.425
198008,5.31,25.23,28.698,32.263,76.491,33.725,11.7614,7.033,0,4.55,240.179
198009,5.04,24.496,28.198,31.898,70.319,31.529,8.2432,7.368,0,4.12,217.094
198010,4.99,21.798,26.03,30.264,48.456,26.864,2.2268,8.464,0,3.53,51.85
198011,5.71,14.61,22.169,29.761,23.721,19.169,0.9888,15.151,0,3.53,9.705
198012,4.91,11.65,18.943,26.268,29.913,15.568,0,14.617,0,2.84,0
198101,4.28,8.869,14.996,21.127,36.924,14.7,1.5946,12.258,1.6867,2.44,20.038
198102,5.38,11.374,18.802,26.23,34.629,15.896,1.0001,14.854,0,3.59,2.943
198103,6.36,15.337,22.564,29.857,43.813,16.871,1.8775,14.519,0,4.74,24.803
198104,7.37,18.807,25.661,32.552,40.502,20.369,3.3273,13.745,0,5.72,79.951
198105,6.64,22.098,26.99,31.947,54.954,26.001,6.7682,9.849,0,5.38,151.53
198106,6.51,24.43,28.924,33.518,66.624,31.893,8.504,9.086,0,5.54,226.654
198107,5.13,25.168,28.231,31.297,80.256,32.861,16.1576,6.13,0,4.44,529.428
198108,5.39,25.396,28.961,32.495,73.824,33.825,11.4801,7.034,0,4.59,256.462
198109,5.23,23.961,27.927,31.894,67.611,31.827,9.3456,7.934,0,4.25,176.925
198110,6.19,20.269,26.568,32.837,32.977,25.865,0.9351,12.568,0,4.35,1.025
198111,5.69,14.074,21.504,29.03,25.198,18.602,1.2458,14.956,0,3.46,2.029
198112,4.7,9.975,17.139,24.368,30.941,15.67,0.9951,14.396,1.183,2.68,6.981
198201,4.87,9.808,17.035,24.297,25.106,14.964,0.0108,14.489,0.0138,2.83,0.011
198202,5.18,10.97,17.931,24.955,39.632,15.431,1.0001,13.986,0.0456,3.4,5.972
198203,6.45,14.275,21.865,29.491,40.063,16.07,1.5723,15.216,0,4.76,12.087
198204,7.48,19.967,27.023,34.078,39.268,20.303,2.8622,14.111,0,5.97,56.681
198205,7.65,23.121,29.213,35.304,46.449,27.128,5.11,12.183,0,6.29,49.557
198206,6.48,24.231,28.726,33.317,68.555,31.293,9.6838,9.086,0,5.51,201.828
198207,6.07,25.759,29.826,33.993,75.925,33.956,12.5661,8.234,0,5.33,287.333
198208,5.51,25.125,28.794,32.525,73.548,33.226,10.8056,7.399,0,4.67,109.758
198209,5.81,23.956,28.625,33.295,60.306,32.489,8.7321,9.337,0,4.66,313.906
198210,5.37,21.058,25.824,30.591,41.921,26.797,2.3653,9.532,0,3.72,73.366
198211,5.29,15.041,21.768,28.496,32.869,19.203,1.3454,13.455,0,3.31,10.288
198212,4.82,10.583,17.979,25.375,31.314,15.467,0.35,14.792,0.0025,2.78,0.533
198301,4.66,8.502,15.363,22.191,28.335,14.266,1.0358,13.691,2.8053,2.62,24.285
198302,5.32,9.403,16.962,24.522,32.992,15.465,0.6137,15.12,2.1474,3.44,3.401
198303,6.76,15.367,23.46,31.587,39.679,17.005,1.1277,16.156,0,5.12,6.831
198304,7.49,18.865,25.855,32.91,38.071,20.168,2.2921,14.045,0,5.8,27.152
198305,6.94,22.464,27.785,33.078,52.929,26.93,7.6738,10.613,0,5.69,184.954
198306,7.04,24.562,29.82,35.078,64.715,31.754,8.6317,10.451,0,6.07,251.901
198307,6.28,24.763,29.128,33.558,74.126,32.191,16.7107,8.794,0,5.42,735.835
198308,5.72,25.094,29.061,33.097,71.85,32.89,10.5879,8.002,0,4.89,208.665
198309,4.98,25.199,28.763,32.363,70.319,31.827,8.994,7.163,0,4.1,198.737
198310,5.4,21.565,26.496,31.429,47.343,26.699,3.9732,9.797,0,3.84,133.103
198311,5.69,13.868,21.1,28.432,21.197,18.503,0.3916,14.562,0,3.38,0.392
198312,4.86,9.639,17.1,24.628,26.305,15.465,1.005,14.99,1.957,2.73,16.481
198401,4.75,9.008,16.135,23.362,27.346,14.266,1.8709,14.355,1.9475,2.74,21.206
198402,5.35,10.577,18.107,25.637,34.224,14.931,1.0933,15.058,0.0082,3.54,13.376
198403,7.25,15.709,24.501,33.324,29.144,16.272,1.0212,17.55,0,5.47,8.721
198404,7.7,20.662,27.851,35.043,35.999,20.268,2.8205,14.379,0,6.14,52.771
198405,7.53,24.161,30.118,36.107,54.494,27.262,6.2383,11.945,0,6.34,138.508
198406,5.98,24.434,28.228,32.087,71.917,30.893,12.0101,7.62,0,5.01,417.561
198407,5.21,24.931,28.095,31.325,81.355,33.191,17.9329,6.394,0,4.53,660.36
198408,5.41,24.563,28.129,31.795,73.953,32.924,11.267,7.231,0,4.55,221.927
198409,5.21,23.395,27.361,31.361,65.517,31.627,14.027,7.967,0,4.19,764.051
198410,5.86,21.67,27.496,33.293,43.055,26.599,2.7114,11.622,0,4.27,42.41
198411,5.59,13.24,20.569,27.933,25.239,18.602,0,14.692,0,3.35,0
198412,4.8,11.29,18.552,25.847,29.883,15.465,0.018,14.557,0.0015,2.8,0.023
198501,4.46,10.037,16.201,22.429,31.788,14.266,1.0101,12.393,0.0117,2.56,3.074
198502,5.55,10.873,18.701,26.593,30.139,15.431,1.0022,15.72,0.0644,3.67,10.197
198503,6.9,17.477,25.403,33.397,34.514,17.235,1.0004,15.922,0,5.3,3.41
198504,7.66,21.395,28.288,35.177,36.23,20.569,2.1678,13.783,0,6.07,22.928
198505,7.32,22.095,27.852,33.643,51.194,27.098,6.097,11.549,0,5.94,138.567
198506,6.6,24.797,29.39,34.049,68.021,32.024,8.5721,9.252,0,5.66,168.82
198507,5.19,24.164,27.33,30.497,79.892,31.96,16.0471,6.33,0,4.42,542.067
198508,5.12,25.596,28.863,32.129,75.984,33.624,9.5984,6.533,0,4.4,110.273
198509,4.8,24.331,27.698,31.063,70.59,32.127,10.1224,6.732,0,3.89,277.906
198510,5.52,20.994,26.257,31.523,44.99,25.633,5.3906,10.494,0,3.95,58.487
198511,5.58,14.267,21.66,29.09,27.522,19.203,1.0068,14.822,0,3.46,4.119
198512,4.83,11.61,18.871,26.232,30.51,15.736,1.0022,14.622,0,2.83,34.758
198601,4.67,10.075,16.674,23.305,27.846,14.266,0.5213,13.166,0,2.69,0.534
198602,5.5,10.908,18.502,26.129,31.933,15.431,0.8673,15.155,0.0846,3.59,1.03
198603,6.92,14.777,23.034,31.326,33.311,16.371,0.2863,16.548,0,5.12,0.325
198604,7.29,20.296,26.817,33.373,40.646,20.369,3.5083,13.079,0,5.73,85.387
198605,7.27,20.798,26.652,32.509,50.191,26.629,5.6907,11.647,0.0099,5.83,164.787
198606,6.96,24.458,29.653,34.813,65.717,31.225,9.836,10.355,0,6.01,256.092
198607,5.91,24.097,28.06,32.026,76.455,31.927,15.1957,7.929,0,5.02,347.969
198608,5.59,24.329,28.162,32.028,71.886,32.625,9.9712,7.698,0,4.7,207.31
198609,5.27,23.623,27.626,31.693,67.09,31.925,10.0085,8.069,0,4.25,241.578
198610,5.26,20.598,25.431,30.297,46.557,25.832,3.5144,9.698,0,3.73,111.724
198611,5.29,15.542,22.239,28.938,34.264,19.003,1.0333,13.394,0,3.34,15.531
198612,4.63,10.304,17.169,24.097,33.187,15.569,1.0042,13.791,0.0683,2.63,12.284
198701,4.81,8.513,15.867,23.187,24.55,14.266,0.015,14.675,1.8279,2.75,0.015
198702,5.43,11.438,18.898,26.424,33.537,15.498,1.222,14.986,0,3.61,17.277
198703,6.67,15.539,23.363,31.252,40.382,16.57,1.684,15.68,0,5.03,27.528
198704,7.45,19.866,26.722,33.677,40.591,20.868,2.8405,13.811,0,5.88,49.275
198705,7.43,21.994,27.92,33.879,47.954,26.263,6.3687,11.819,0,6.04,114.058
198706,6.71,25.195,29.954,34.748,68.392,32.122,11.0644,9.554,0,5.81,229.209
198707,5.56,24.965,28.497,32.062,80.65,33.359,16.3282,7.098,0,4.81,448.875
198708,4.89,24.765,27.83,30.897,79.412,33.492,18.5488,6.133,0,4.17,688.678
198709,4.94,24.697,28.263,31.927,71.901,32.327,11.0438,7.229,0,4.08,368.988
198710,5.37,21.223,26.087,30.952,44.228,26.167,6.9154,9.728,0,3.78,274.459
198711,5.28,14.63,21.353,28.078,32.463,19.301,0.9993,13.448,0,3.27,4.687
198712,4.76,11.572,18.635,25.7,29.399,15.468,1.0049,14.127,0,2.77,2.617
198801,4.9,10.179,17.641,25.166,29.237,14.395,0.9957,14.988,0,2.93,3.038
198802,5.49,11.947,19.573,27.229,36.173,15.696,1.3999,15.282,0,3.71,28.045
198803,6.62,15.845,23.667,31.494,42.838,16.57,1.9351,15.617,0,5.06,25.107
198804,7.66,20.833,28.021,35.275,39.402,20.635,2.6957,14.442,0,6.17,54.828
198805,7.08,23.794,29.152,34.51,56.257,27.497,5.9723,10.717,0,5.89,113.653
198806,6.26,24.031,28.226,32.486,70.076,30.524,10.2903,8.454,0,5.27,153.459
198807,4.92,25.534,28.365,31.229,81.723,33.091,15.4641,5.695,0,4.28,517.851
198808,4.75,26.03,28.897,31.829,79.725,33.727,15.1077,5.796,0,4.14,672.892
198809,5.28,25.089,29.09,33.156,67.586,32.192,8.6371,8.067,0,4.38,220.15
198810,5.72,22.06,27.394,32.726,39.98,26.364,1.5463,10.6,0,4.09,16.253
198811,5.41,15.266,22.097,28.93,30.008,19.202,1.3354,13.665,0,3.36,19.013
198812,4.67,12.109,18.835,25.598,33.25,16.468,1.0022,13.489,0,2.72,6.962
198901,4.79,8.81,16.237,23.697,29.393,14.266,1.8388,14.886,3.4976,2.8,32.904
198902,5.25,12.565,19.625,26.75,39.038,15.863,1.1231,14.185,0,3.58,20.99
198903,6.67,16.139,23.964,31.788,40.476,16.669,1.0055,15.649,0,5.09,7.174
198904,8.04,20.459,28.249,36.039,34.199,20.332,1.4431,15.546,0,6.44,4.503
198905,7.52,23.061,29.019,34.976,51.581,26.998,8.4914,11.916,0,6.2,211.066
198906,6.44,23.635,28.127,32.687,69.823,31.19,10.3569,9.053,0,5.43,340.964
198907,5.95,24.595,28.627,32.691,76.455,33.456,17.0336,8.096,0,5.14,448.56
198908,5.24,25.06,28.492,31.957,75.697,33.159,11.7705,6.897,0,4.49,275.754
198909,4.87,25.261,28.727,32.292,72.031,32.362,11.0772,7.03,0,4.06,463.08
198910,5.33,22.596,27.329,32.161,46.886,26.564,2.6132,9.564,0,3.85,57.397
198911,5.23,15.571,22.002,28.497,35.765,19.003,1.0068,12.927,0,3.26,13.513
198912,4.64,10.045,17.206,24.365,32.45,15.467,0.9982,14.321,1.3632,2.68,1.773
199001,4.94,10.853,18.245,25.639,26.009,14.867,0.0036,14.786,0,2.96,0.004
199002,4.97,12.337,18.762,25.186,45.564,15.832,1.517,12.851,0,3.34,24.251
199003,6.12,14.973,21.963,28.956,48.288,16.269,1.621,13.982,0,4.58,12.31
199004,6.9,20.659,26.718,32.84,45.196,20.702,2.4462,12.18,0,5.5,43.338
199005,6.84,22.999,28.189,33.379,57.087,26.564,7.4454,10.346,0,5.67,274.115
199006,6.5,24.867,29.363,33.921,69.385,31.957,8.9595,9.053,0,5.59,258.065
199007,5.19,25.232,28.397,31.528,81.191,32.526,14.0848,6.295,0,4.51,387.359
199008,5.07,25.761,28.929,32.194,76.491,33.525,10.9204,6.432,0,4.38,347.096
199009,4.77,25.267,28.53,31.796,70.721,32.261,10.3038,6.53,0,3.89,312.318
199010,5.23,21.101,25.898,30.729,48.47,26.564,3.1071,9.629,0,3.74,119.096
199011,5.58,15.804,23.068,30.398,29.791,19.202,0.3925,14.559,0,3.55,0.401
199012,4.84,11.246,18.442,25.737,31.919,15.569,0.0012,14.491,0,2.78,0.001
199101,4.75,7.738,15.064,22.425,25.715,14.266,1.7521,14.688,2.6338,2.69,32.672
199102,5.51,12.339,19.965,27.624,33.864,15.994,1.0001,15.286,0,3.75,5.229
199103,6.88,15.838,23.965,32.092,37.042,16.669,1.6293,16.251,0,5.18,19.445
199104,7.69,20.168,27.457,34.747,37.263,20.569,1.9843,14.581,0,6.13,31.51
199105,7.45,24.022,29.78,35.569,50.892,26.998,4.8161,11.549,0,6.19,37.355
199106,6.48,23.767,28.261,32.82,68.12,31.858,10.2295,9.053,0,5.44,259.065
199107,5.56,25.466,28.996,32.526,77.954,33.094,13.0738,6.996,0,4.85,381.02
199108,5.29,25.165,28.629,32.095,75.454,33.689,15.2994,6.897,0,4.51,511.638
199109,5.13,24.064,27.93,31.796,67.955,32.226,11.7646,7.732,0,4.18,328.413
199110,5.44,22.23,27.196,32.227,44.219,26.599,2.3655,9.997,0,3.92,45.148
199111,5.5,15.867,22.695,29.524,29.235,19.367,0.303,13.658,0,3.4,0.303
199112,4.83,9.945,17.306,24.669,28.946,15.337,1.0101,14.724,1.2957,2.72,8.909
199201,4.82,8.452,15.777,23.139,26.313,14.201,1.0993,14.688,1.8683,2.74,6.572
199202,5.29,9.142,16.8,24.427,33.767,13.77,1.0001,15.286,2.3185,3.44,3.609
199203,6.87,17.077,25.203,33.328,36.743,17.57,1.0004,16.251,0,5.34,6.758
199204,7.82,20.696,27.986,35.276,37.167,20.867,2.0168,14.581,0,6.19,45.934
199205,7.31,21.695,27.451,33.243,50.257,25.635,6.4734,11.549,0,5.89,139.975
199206,6.52,24.693,29.186,33.746,67.384,31.822,6.5537,9.053,0,5.56,107.457
199207,5.5,24.261,27.725,31.257,77.954,32.857,15.0011,6.996,0,4.69,491.13
199208,5.23,25.063,28.495,31.961,75.454,33.689,13.3979,6.897,0,4.49,314.353
199209,5.16,24.494,28.361,32.226,67.955,32.127,8.5929,7.732,0,4.23,216.584
199210,5.43,21.697,26.663,31.693,44.791,26.265,2.1007,9.997,0,3.88,19.192
199211,5.46,15.273,22.101,28.932,29.235,19.102,0.7338,13.658,0,3.36,0.735
199212,4.81,9.909,17.27,24.633,28.279,15.202,0.8032,14.724,1.2234,2.72,0.808
199301,4.79,9.116,16.444,23.803,26.313,14.336,2.003,14.688,0.784,2.8,41.356
199302,5.63,12.538,20.197,27.857,32.97,16.734,1.0001,15.286,0,3.78,7.151
199303,6.79,13.939,22.064,30.19,36.743,15.874,1.7334,16.251,0,4.96,23.511
199304,7.63,19,26.29,33.581,37.167,19.605,3.0562,14.581,0,5.97,41.534
199305,7.27,21.765,27.522,33.313,50.892,26.896,6.4491,11.549,0,5.91,142.948
199306,6.46,24.367,28.862,33.42,67.955,31.958,9.4185,9.053,0,5.53,197.572
199307,5.57,25.465,28.995,32.526,77.954,33.092,11.4458,6.996,0,4.84,242.394
199308,5.27,24.934,28.365,31.832,75.454,33.825,12.5846,6.897,0,4.48,357.732
199309,5.13,24.128,27.993,31.859,67.955,32.127,10.6753,7.732,0,4.19,338.986
199310,5.44,22.266,27.233,32.263,44.219,26.958,2.7306,9.997,0,3.92,56.681
199311,5.46,16.074,22.9,29.732,29.235,20.002,1.0068,13.658,0,3.42,4.355
199312,4.92,11.78,19.141,26.505,28.814,15.466,0,14.724,0,2.86,0
199401,4.93,9.641,16.967,24.328,26.313,14.502,2.4136,14.688,0.1496,2.85,56.065
199402,5.4,9.904,17.529,25.19,32.97,15.231,1.3064,15.286,1.3928,3.51,10.116
199403,6.85,16.007,24.132,32.258,36.743,17.57,1.2924,16.251,0,5.21,17.936
199404,7.68,19.563,26.852,34.142,37.167,20.63,2.8299,14.581,0,6.04,69.045
199405,7.35,23.293,29.052,34.841,50.892,26.933,4.7175,11.549,0,6.1,62.058
199406,6.51,24.798,29.293,33.851,67.955,31.859,7.8085,9.053,0,5.58,196.875
199407,5.57,25.829,29.294,32.826,77.954,33.091,13.3303,6.996,0,4.86,312.106
199408,5.29,25.165,28.629,32.095,75.454,33.825,13.7364,6.897,0,4.51,406.352
199409,5.18,24.695,28.559,32.427,67.955,32.226,6.5091,7.732,0,4.24,142.316
199410,5.45,21.431,26.397,31.429,44.219,26.165,3.5162,9.997,0,3.86,87.78
199411,5.42,15.068,21.896,28.726,29.235,19.102,1.1827,13.658,0,3.34,19.321
199412,4.88,10.243,17.605,24.967,28.814,15.304,0.6718,14.724,0.5175,2.74,0.674
199501,4.68,6.973,14.298,21.66,26.313,12.963,2.0421,14.688,5.9797,2.62,37.805
199502,5.46,11.595,19.254,26.914,32.97,16.132,1.3095,15.286,0.0041,3.68,17.635
199503,6.76,15.941,23.764,31.656,36.743,16.57,1.1065,15.715,0,5.07,11.836
199504,7.71,20.094,27.449,34.839,37.167,20.536,1.6535,14.745,0,6.16,29.13
199505,7.45,24.596,30.354,36.143,50.892,28.295,5.2088,11.549,0,6.27,92.888
199506,6.58,24.803,29.298,33.857,67.955,32.021,8.1327,9.053,0,5.58,214.405
199507,5.48,24.867,28.236,31.701,77.954,33.092,12.9491,6.83,0,4.68,351.005
199508,5.11,24.967,28.234,31.501,75.454,33.725,11.1378,6.533,0,4.35,247.218
199509,5.35,24.126,28.328,32.531,67.955,31.525,7.7921,8.405,0,4.41,341.781
199510,5.42,22.101,27.031,31.998,45.056,26.465,1.72,9.897,0,3.89,17.89
199511,5.35,15.39,22.021,28.751,30.765,19.336,1.5446,13.361,0,3.32,29.427
199512,4.88,11.415,18.71,26.071,28.881,16.07,1.0031,14.623,0,2.83,3.309
199601,4.74,9.08,16.007,22.967,26.297,14.266,1.3294,13.888,0.4399,2.7,17.694
199602,5.4,10.803,18.328,25.853,32.97,15.231,1.0001,15.051,0.317,3.56,9.865
199603,6.23,16.531,24.092,31.719,60.33,17.568,1.0004,15.187,0,5.03,4.377
199604,7.67,19.896,27.151,34.443,38.189,20.568,1.3024,14.547,0,6.08,49.174
199605,7.2,23.73,29.087,34.446,48.296,27.327,5.516,10.716,0,5.88,112.892
199606,6.44,23.794,28.289,32.847,71.027,31.956,5.4063,9.053,0.0035,5.45,79.391
199607,5.23,25.234,28.397,31.595,80.478,33.058,12.3379,6.362,0,4.54,338.99
199608,5.08,24.732,27.966,31.233,75.421,33.727,13.5208,6.5,0,4.31,379.752
199609,5.06,24.86,28.525,32.191,66.337,32.127,7.6231,7.33,0,4.13,209.944
199610,5.44,21.569,26.634,31.763,45.911,26.564,5.4188,10.194,0,3.92,105.579
199611,5.83,15.27,22.735,30.266,19.147,19.038,0,14.994,0,3.57,0
199612,5,11.04,18.838,26.637,30.837,16.032,0,15.561,0.0001,2.92,0
199701,4.72,8.473,15.435,22.427,27.784,14.266,1.368,13.954,1.5769,2.66,14.14
199702,5.46,9.776,17.402,25.063,27.402,14.566,1.0001,15.286,1.9607,3.49,17.464
199703,6.84,16.205,24.132,32.063,32.297,16.67,1.1621,15.792,0,5.15,17.467
199704,7.68,20.301,27.555,34.844,39.558,19.606,2.6095,14.479,0,6.14,34.038
199705,7.43,22.733,28.39,34.081,43.721,26.895,8.1386,11.348,0,5.96,223.263
199706,6.62,24.798,29.159,33.617,57.567,31.857,7.3271,8.82,0,5.48,134.865
199707,5.35,25.099,28.431,31.797,80.59,33.092,16.3914,6.698,0,4.66,269.827
199708,5.5,25.662,29.228,32.795,69.313,33.625,13.0069,7.133,0,4.63,335.996
199709,5,23.794,27.46,31.225,72.765,32.027,9.6704,7.432,0,4.06,322.978
199710,5.34,20.963,25.727,30.558,41.152,25.068,2.3668,9.595,0,3.73,72.041
199711,5.36,15.737,22.201,28.731,27.139,19.036,1.0068,12.961,0,3.29,20.441
199712,4.53,11.279,17.907,24.57,37.13,15.968,1.0071,13.29,0,2.63,13.366
199801,4.78,8.84,16.2,23.561,28.015,14.266,0.7959,14.688,2.1912,2.79,0.813
199802,5.37,12.443,19.369,26.394,31.694,16.632,1.0001,13.952,0,3.53,16.723
199803,6.6,15.209,22.6,30.028,31.955,17.038,1.4107,14.817,0,4.79,15.273
199804,7.12,21.006,27.76,34.515,53.534,21.069,2.765,13.51,0,5.94,49.404
199805,7.32,23.997,29.589,35.181,49.121,26.933,7.7472,11.151,0,6.06,212.53
199806,6.76,25.595,30.188,34.846,62.901,34.681,7.3343,9.253,0,5.75,125.529
199807,5.18,25.598,28.629,31.66,78.718,32.992,13.1922,6.062,0,4.46,329.101
199808,4.88,25.865,28.896,31.897,79.746,33.725,12.1222,6.031,0,4.23,348.053
199809,5,25.061,28.662,32.33,67.519,33.69,9.2222,7.267,0,4.13,266.972
199810,5.29,23.895,28.56,33.227,46.519,29.322,5.1521,9.298,0,3.91,249.585
199811,5.32,16.573,23.068,29.597,34.341,21.298,1.2558,12.96,0,3.36,14.611
199812,4.76,11.878,18.739,25.6,29.266,15.767,0,13.722,0,2.74,0
199901,4.95,10.273,17.436,24.664,21.567,15.132,1.2441,14.39,0,2.86,10.715
199902,5.67,12.409,20.036,27.661,27.305,16.43,1.0001,15.188,0,3.75,3.801
199903,6.98,16.076,24.502,32.929,35.607,17.333,1.0004,16.852,0,5.34,2.476
199904,8.12,22.742,30.299,37.887,31.026,22.296,1.1321,15.148,0,6.63,1.738
199905,7.43,23.53,29.321,35.111,53.738,28.298,6.9762,11.549,0,6.14,179.393
199906,6.61,24.9,29.396,33.954,64.924,31.956,9.1936,9.053,0,5.59,227.352
199907,5.54,24.862,28.327,31.859,77.692,33.092,14.7389,6.996,0,4.75,422.53
199908,5.03,25.296,28.495,31.76,78.975,33.725,13.3483,6.432,0,4.34,361.102
199909,4.8,24.791,28.259,31.825,75.204,32.128,10.1227,7.033,0,4.02,248.59
199910,5.28,22.364,27.33,32.362,52.93,27.762,2.8181,9.997,0,3.94,65.582
199911,5.17,16.211,23.105,29.998,46.39,19.104,1.0068,13.722,0,3.46,3.769
199912,4.76,12.374,18.836,25.299,24.821,16.635,0.0676,12.927,0,2.66,0.067
200001,4.9,9.913,16.941,24.002,22.399,14.697,1.0101,14.088,0,2.78,13.569
200002,5.01,12.07,18.398,24.823,38.375,15.928,1.0001,12.754,0,3.3,8.796
200003,6.57,15.673,22.965,30.29,31.145,17.169,1.0064,14.616,0,4.79,17.6
200004,7.83,20.425,27.715,35.006,30.557,20.602,2.2266,14.581,0,6.17,26.941
200005,7.13,23.332,28.685,34.043,50.441,27.496,5.7232,10.613,0,5.83,108.247
200006,6.41,25.136,29.495,33.889,69.132,31.892,9.934,8.753,0,5.5,279.953
200007,5.22,25.9,28.831,31.864,74.614,32.957,13.2107,5.96,0,4.43,209.316
200008,5.37,25.026,28.424,31.854,69.164,33.689,13.6208,6.828,0,4.46,298.857
200009,4.88,24.066,27.595,31.163,70.504,32.127,10.055,7.097,0,3.97,315.875
200010,5.46,22.202,27.133,32.064,40.241,27.825,2.4407,9.796,0,3.9,11.509
200011,5.51,16.004,23.134,30.263,32.806,19.333,0.0676,14.259,0,3.51,0.067
200012,4.95,10.713,18.273,25.835,27.376,15.468,0.0676,15.123,0.054,2.83,0.067
200101,4.99,9.376,16.903,24.465,22.262,15.065,1.0101,15.087,0.2213,2.87,2.314
200102,5.52,11.709,19.234,26.761,31.728,16.695,1.0001,15.051,0,3.65,2.672
200103,6.61,15.804,23.328,30.919,36.529,16.972,1.6609,15.115,0,4.92,22.699
200104,7.74,20.896,28.086,35.243,32.295,20.371,2.3993,14.347,0,6.16,37.569
200105,7.39,24.063,29.654,35.312,48.229,27.605,6.0344,11.25,0,6.09,158.392
200106,6.1,25.336,29.195,33.089,66.938,31.759,10.8298,7.754,0,5.15,170.904
200107,5.16,26,29.032,32.163,81.038,33.893,13.192,6.163,0,4.52,357.478
200108,5.37,25.664,29.096,32.56,70.883,33.823,11.5246,6.897,0,4.55,288.086
200109,5.04,25.199,28.763,32.33,64.876,32.226,6.5742,7.13,0,4.09,147.523
200110,5.2,23.029,27.593,32.161,47.355,27.96,4.4244,9.097,0,3.79,118.602
200111,5.48,16.803,23.7,30.631,31.373,20.2,1.005,13.828,0,3.5,1.299
200112,4.84,12.211,19.236,26.296,31.053,15.304,0,14.022,0,2.81,0
200201,4.82,8.911,16.237,23.599,27.091,14.267,1.66,14.688,0.7615,2.79,15.298
200202,5.52,12.204,19.831,27.489,32.97,15.83,1.0472,15.286,0,3.73,4.908
200203,6.97,16.437,24.563,32.69,34.069,17.434,1.2227,16.251,0,5.26,8.826
200204,7.75,20.163,27.454,34.744,35.821,20.604,2.769,14.581,0,6.13,49.697
200205,7.35,23.292,29.049,34.84,51.469,27,5.4045,11.549,0,6.1,95.659
200206,6.61,25.096,29.589,34.147,63.578,31.958,8.5077,9.053,0,5.62,181.552
200207,5.58,25.829,29.295,32.826,77.915,34.357,13.744,6.996,0,4.86,332.627
200208,5.3,25.063,28.495,31.961,74.439,33.725,12.0841,6.897,0,4.49,309.649
200209,5.13,24.23,28.095,31.962,68.965,32.125,9.977,7.732,0,4.2,270.889
200210,5.51,21.728,26.694,31.725,39.826,26.165,4.1444,9.997,0,3.89,118.719
200211,5.51,15.741,22.57,29.399,25.89,19.038,1.0831,13.658,0,3.4,14.425
200212,4.74,11.509,18.871,26.233,29.893,15.202,0,14.724,0.04,2.84,0
