190101,4.88,8.06,15.268,22.471,22.672,12.102,2.774,14.389,3.9604,2.75,61.818
190102,5.67,11.432,18.879,26.388,22.602,13.061,1.3739,14.953,0.1719,3.67,23.444
190103,7.02,16.004,24.209,32.392,29.132,13.019,1,16.364,0.0559,5.27,4.177
190104,8.37,22.793,30.774,38.816,25.191,15.894,1,16.021,0,6.92,8.506
190105,8.61,25.774,32.936,40.168,34.144,23.382,1.5331,14.394,0,7.37,8.874
190106,7.57,28.802,34.206,39.673,58.715,33.069,4.7498,10.871,0,6.72,102.642
190107,5.97,26.68,30.369,34.104,73.11,33.252,10.5439,7.423,0,5.1,171.353
190108,5.39,25.785,29.121,32.507,68.575,33.645,13.1494,6.721,0,4.5,266.566
190109,5.37,24.806,28.644,32.529,57.506,31.878,8.7664,7.725,0,4.27,208.246
190110,5.84,21.933,27.212,32.529,34.717,23.981,1.8026,10.598,0,4.08,23.641
190111,5.71,14.521,21.416,28.367,20.209,16.5,1,13.845,0.0428,3.37,5.664
190112,4.9,9.423,16.71,24.045,23.054,13.829,0,14.62,1.5718,2.72,0
190201,4.96,10.145,17.322,24.557,22.672,13.393,1.0051,14.389,0,2.9,4.64
190202,5.67,11.82,19.265,26.773,22.602,13.514,1,14.953,0,3.69,3.255
190203,7.18,18.218,26.4,34.607,29.132,13.919,1.0297,16.364,0,5.57,6.051
190204,8.38,21.834,29.837,37.881,25.191,15.74,1.0019,16.021,0,6.79,7.667
190205,8.62,26.097,33.282,40.515,34.144,23.297,1.3087,14.394,0,7.43,5.228
190206,7.57,28.331,33.747,39.219,58.715,31.402,4.2327,10.871,0,6.68,72.371
190207,5.9,26.009,29.697,33.432,73.11,33.229,14.6252,7.423,0,5.02,315.841
190208,5.4,26.494,29.866,33.238,68.575,33.619,10.6488,6.721,0,4.55,161.968
190209,5.45,24.941,28.793,32.678,57.506,31.843,10.8901,7.725,0,4.29,358.714
190210,5.82,20.758,26.054,31.371,34.717,24.006,1.546,10.598,0,3.99,13.185
190211,5.67,13.993,20.886,27.839,20.209,15.861,0.6355,13.845,0.0675,3.32,0.658
190212,4.86,8.768,16.052,23.387,23.054,13.283,0.4397,14.62,2.3339,2.66,0.472
190301,4.91,9.546,16.704,23.936,22.672,12.945,1.0051,14.389,0.976,2.85,6.501
190302,5.67,10.969,18.45,25.958,22.602,12.957,1.0067,14.953,0.1795,3.63,5.236
190303,7.01,16.188,24.367,32.574,29.132,12.726,1.015,16.364,0.0112,5.29,4.98
190304,8.33,22.926,30.907,38.948,25.191,15.874,1.0006,16.021,0,6.95,5.286
190305,8.69,26.988,34.15,41.383,34.144,24.772,2.0906,14.394,0,7.54,27.475
190306,7.53,27.644,33.06,38.516,58.715,31.676,5.2688,10.871,0,6.58,172.638
190307,5.94,27.294,31.005,34.739,73.11,35.827,9.3075,7.423,0,5.15,119.49
190308,5.39,26.146,29.497,32.868,68.575,33.62,11.5567,6.721,0,4.53,191.451
190309,5.44,25.391,29.229,33.128,57.506,31.878,7.7709,7.725,0,4.32,159.812
190310,5.85,21.104,26.381,31.701,34.717,23.985,4.1727,10.598,0,4.02,104.299
190311,5.67,13.553,20.448,27.4,20.209,15.771,0,13.845,0.0675,3.28,0
190312,4.85,8.61,15.893,23.229,23.054,13.38,0,14.62,1.9804,2.66,0
190401,4.9,9.272,16.443,23.675,22.672,12.996,0.9253,14.389,1.0173,2.83,1.375
190402,5.67,11.402,18.884,26.391,22.602,13.176,1.0313,14.953,0.1392,3.67,3.98
190403,7.04,16.852,25.034,33.24,29.132,13.019,1.7778,16.364,0,5.39,27.545
190404,8.46,23.825,31.807,39.85,25.191,16.759,0.8929,16.021,0,7.07,1.001
190405,8.68,25.053,32.262,39.471,34.144,23.197,4.4018,14.394,0,7.28,110.883
190406,7.47,26.422,31.809,37.292,58.715,30.241,5.0835,10.871,0,6.42,91.874
190407,5.85,25.21,28.924,32.657,73.11,33.211,13.3936,7.423,0,4.95,274.701
190408,5.33,25.48,28.829,32.203,68.575,33.634,14.8394,6.721,0,4.46,432.924
190409,5.42,24.941,28.793,32.678,57.506,31.867,6.1973,7.725,0,4.29,96.525
190410,5.84,20.967,26.261,31.58,34.717,24.081,3.2647,10.598,0,4.02,59.719
190411,5.62,13.571,20.487,27.44,20.209,15.437,1,13.845,0.0675,3.3,6.451
190412,4.95,9.87,17.153,24.488,23.054,13.721,0.4061,14.62,0.6797,2.75,0.564
190501,4.92,8.175,15.333,22.566,22.672,12.201,1.2773,14.389,3.3177,2.73,7.684
190502,5.45,7.839,15.322,22.805,22.602,10.761,1.7869,14.953,0.4985,3.3,31.386
190503,6.89,14.381,22.54,30.748,29.132,11.254,1.7682,16.364,0.2381,5.06,28.986
190504,8.17,19.711,27.703,35.747,25.191,13.777,1.0006,16.021,0.0099,6.48,7.041
190505,8.45,24.862,32.072,39.257,34.144,22.539,1.5727,14.394,0,7.24,13.014
190506,7.6,29.643,35.045,40.514,58.715,34.575,2.575,10.871,0,6.84,19.123
190507,5.97,25.961,29.649,33.383,73.11,33.242,14.8468,7.423,0,5.02,417.356
190508,5.36,25.532,28.867,32.252,68.575,33.634,13.6197,6.721,0,4.47,296.361
190509,5.4,24.719,28.566,32.466,57.506,31.865,11.5727,7.725,0,4.27,385.303
190510,5.81,20.999,26.291,31.61,34.717,24.007,1.4696,10.598,0,4.02,13.905
190511,5.67,14.332,21.238,28.19,20.209,16.477,0,13.845,0.027,3.36,0
190512,4.93,9.335,16.621,23.955,23.054,13.765,0.6142,14.62,1.8223,2.69,0.614
190601,4.87,8.783,15.961,23.171,22.672,12.864,1.0058,14.389,2.1705,2.78,7.808
190602,5.69,11.233,18.693,26.199,22.602,12.718,3.0438,14.953,0.1277,3.64,79.049
190603,6.9,14.699,22.856,31.063,29.132,11.948,1.6929,16.364,0.2039,5.11,22.426
190604,8.3,23.136,31.13,39.171,25.191,15.931,0.9778,16.021,0,6.98,1.265
190605,8.69,27.048,34.232,41.443,34.144,23.989,1.2022,14.394,0,7.56,10.272
190606,7.57,27.757,33.174,38.628,58.715,30.912,6.2211,10.871,0,6.59,129.488
190607,5.93,26.239,29.971,33.683,73.11,33.211,15.2601,7.423,0,5.06,438.923
190608,5.34,25.648,29,32.371,68.575,33.68,12.233,6.721,0,4.48,219.805
190609,5.42,25.413,29.251,33.151,57.506,31.878,8.3874,7.725,0,4.32,215.467
190610,5.82,21.081,26.359,31.679,34.717,24.054,3.6721,10.598,0,4.02,88.766
190611,5.68,14.619,21.545,28.5,20.209,16.528,0.5183,13.845,0.0293,3.39,0.517
190612,4.93,9.927,17.212,24.544,23.054,13.874,0.6142,14.62,0.6013,2.75,0.614
190701,4.99,10.192,17.347,24.582,22.672,13.658,0.1197,14.389,0,2.9,0.119
190702,5.71,10.785,18.231,25.738,22.602,12.674,2.6056,14.953,0.2091,3.59,61.994
190703,6.93,14.105,22.261,30.469,29.132,11.301,1.7435,16.364,0.2248,5.02,23.608
190704,8.18,20.097,28.076,36.118,25.191,14.322,1.9181,16.021,0.0099,6.52,35.831
190705,8.55,25.153,32.339,39.571,34.144,23.356,1.5241,14.394,0,7.28,11.922
190706,7.48,27.383,32.785,38.254,58.715,30.904,7.6721,10.871,0,6.55,264.067
190707,5.92,26.716,30.426,34.137,73.11,34.152,11.1321,7.423,0,5.09,177.9
190708,5.38,26.12,29.468,32.841,68.575,33.68,13.354,6.721,0,4.51,276.132
190709,5.44,25.368,29.243,33.127,57.506,31.994,7.6321,7.725,0,4.33,149.058
190710,5.84,21.522,26.802,32.121,34.616,24.124,1.2487,10.598,0,4.05,14.956
190711,5.7,14.139,21.08,28.035,20.343,16.477,0,13.845,0.0338,3.35,0
190712,4.92,8.851,16.137,23.472,23.054,12.867,0.9181,14.62,1.5929,2.66,0.995
190801,4.79,7.496,14.69,21.909,22.672,12.06,1.3911,14.389,3.8092,2.69,11.646
190802,5.65,11.472,18.955,26.462,22.602,13.678,2.5309,14.953,0.044,3.69,59.592
190803,6.99,16.622,24.803,33.009,29.132,13.019,1,16.364,0,5.36,6.534
190804,8.45,24.904,32.909,40.949,25.191,17.914,0.9778,16.021,0,7.24,1.192
190805,8.73,26.857,34.041,41.274,34.144,23.987,1.1768,14.394,0,7.53,5.666
190806,7.58,28.213,33.616,39.085,58.715,31.06,4.3478,10.871,0,6.65,78.434
190807,5.9,26.186,29.873,33.607,73.11,33.211,13.8807,7.423,0,5.04,279.651
190808,5.38,26.426,29.76,33.148,68.575,33.68,14.4154,6.721,0,4.56,287.45
190809,5.46,25.456,29.294,33.192,57.506,31.843,5.8695,7.725,0,4.33,96.591
190810,5.84,21.344,26.623,31.941,34.717,24.006,2.8416,10.598,0,4.05,104.367
190811,5.67,13.665,20.603,27.553,20.209,15.66,0,13.845,0.063,3.31,0
190812,4.83,8.475,15.783,23.096,23.054,12.869,0.4051,14.62,2.6862,2.64,0.405
190901,4.96,10.441,17.62,24.83,22.672,13.416,1.0208,14.389,0,2.92,2.741
190902,5.68,11.396,18.855,26.363,22.602,13.299,1.0406,14.953,0.107,3.67,6.23
190903,7.15,17.409,25.591,33.796,29.132,13.476,0,16.364,0,5.45,0
190904,8.26,20.618,28.614,36.655,25.191,14.731,1.9097,16.021,0,6.62,36.607
190905,8.67,26.57,33.755,40.988,34.144,23.384,1.2391,14.394,0,7.49,5.075
190906,7.46,25.705,31.116,36.599,58.715,28.964,7.8345,10.871,0.0076,6.35,213.786
190907,5.84,25.856,29.565,33.277,73.11,33.211,14.7628,7.423,0,5.01,368.626
190908,5.34,25.62,28.956,32.34,68.575,33.703,14.3459,6.721,0,4.48,360.656
190909,5.42,25.324,29.177,33.06,57.506,31.967,8.1136,7.725,0,4.31,163.811
190910,5.82,21.12,26.426,31.743,34.717,23.939,1.3809,10.598,0,4.03,7.877
190911,5.67,14.566,21.46,28.412,20.209,16.5,0.1266,13.845,0.0045,3.38,0.127
190912,4.98,10.002,17.288,24.62,23.054,13.832,1.2718,14.62,0.8671,2.76,2.88
191001,4.87,8.582,15.763,22.996,22.672,12.199,1.0051,14.389,2.3145,2.77,5.497
191002,5.66,11.401,18.884,26.392,22.602,13.559,1.1064,14.953,0.1142,3.67,9.564
191003,7.05,16.873,25.032,33.238,29.132,13.019,1.4337,16.364,0,5.38,17.748
191004,8.38,22.98,30.999,39.018,25.191,15.717,1.0004,16.021,0,6.95,9.646
191005,8.7,26.133,33.296,40.528,34.144,23.282,1.4346,14.394,0,7.41,10.171
191006,7.49,26.494,31.88,37.365,58.715,30.913,7.139,10.871,0,6.43,166.384
191007,5.86,25.788,29.5,33.233,73.11,33.211,13.48,7.423,0,5.02,284.324
191008,5.35,25.974,29.308,32.696,68.575,33.658,14.1855,6.721,0,4.51,329.261
191009,5.44,25.305,29.153,33.052,57.506,31.878,9.0245,7.725,0,4.32,205.346
191010,5.84,20.986,26.266,31.586,34.717,23.961,3.2448,10.598,0,4.02,47.739
191011,5.67,13.624,20.564,27.516,20.209,15.598,1,13.845,0.0698,3.31,16.953
191012,4.85,8.947,16.233,23.566,23.054,13.172,0,14.62,2.1601,2.67,0
191101,5.02,11.085,18.241,25.473,22.672,14.035,1.1911,14.389,0,2.98,9.314
191102,5.7,10.83,18.279,25.785,22.602,12.946,0.2,14.953,0.1469,3.6,0.2
191103,6.95,15.213,23.373,31.577,29.132,12.192,1.8303,16.364,0.1656,5.17,22.284
191104,8.3,22.459,30.477,38.496,25.191,15.646,1,16.021,0,6.88,2.078
191105,8.73,27.198,34.382,41.594,34.144,23.625,1.4462,14.394,0,7.58,12.611
191106,7.46,26.109,31.512,36.994,58.715,29.96,9.5082,10.871,0,6.38,368.327
191107,5.93,27.342,31.053,34.787,73.11,35.411,9.6941,7.423,0,5.16,165.399
191108,5.39,25.449,28.8,32.171,68.575,33.633,12.7946,6.721,0,4.46,268.4
191109,5.4,24.704,28.552,32.452,57.506,31.878,9.8557,7.725,0,4.27,258.489
191110,5.82,21.008,26.303,31.623,34.717,24.007,3.9687,10.598,0,4.02,101.705
191111,5.67,13.779,20.686,27.639,20.209,15.81,1,13.845,0.072,3.3,34.292
191112,4.85,8.416,15.724,23.036,23.054,12.868,0,14.62,2.6973,2.64,0
191201,4.86,9.409,16.583,23.815,22.672,12.889,1.0051,14.389,0.6546,2.84,3.137
191202,5.75,12.586,20.031,27.539,22.602,13.678,1.2667,14.953,0,3.78,9.546
191203,7.1,16.432,24.637,32.819,29.132,13.019,1.0337,16.364,0.0067,5.34,3.985
191204,8.32,21.444,29.441,37.483,25.191,15.142,1.0335,16.021,0,6.73,14.825
191205,8.56,25.591,32.755,39.986,34.144,23.407,1.9577,14.394,0,7.35,23.463
191206,7.55,28.152,33.554,39.038,58.715,31.358,5.1109,10.871,0,6.65,92.333
191207,5.92,26.061,29.748,33.483,73.11,33.211,13.9913,7.423,0,5.02,312.82
191208,5.37,25.803,29.152,32.524,68.575,33.643,13.5401,6.721,0,4.5,301.48
191209,5.42,24.941,28.793,32.678,57.506,31.878,4.9692,7.725,0,4.29,52.699
191210,5.84,21.119,26.396,31.716,34.717,23.985,1.2126,10.598,0,4.02,17.81
191211,5.64,13.394,20.301,27.253,20.209,15.488,1,13.845,0.0811,3.28,14.019
191212,4.86,8.691,16,23.334,23.054,12.869,0,14.62,2.392,2.66,0
191301,4.88,8.981,16.155,23.388,22.672,12.722,0.1197,14.389,1.6116,2.81,0.119
191302,5.7,11.368,18.86,26.369,22.602,13.484,2.8914,14.953,0.1093,3.67,66.551
191303,6.89,14.684,22.842,31.048,29.132,11.657,1.9175,16.364,0.2074,5.11,32.788
191304,8.38,23.724,31.718,39.761,25.191,16.881,0.7396,16.021,0,7.05,0.741
191305,8.7,24.745,31.955,39.187,34.144,21.907,2.6604,14.394,0,7.23,35.266
191306,7.37,24.751,30.189,35.65,58.715,27.68,9.4198,10.871,0.0099,6.23,352.409
191307,5.84,26.104,29.792,33.527,73.11,33.211,11.4269,7.423,0,5.03,223.036
191308,5.35,25.556,28.914,32.299,68.575,33.634,14.3474,6.721,0,4.48,330.691
191309,5.43,25.3,29.125,33.024,57.506,31.878,7.333,7.725,0,4.31,151.745
191310,5.84,20.618,25.897,31.214,34.717,24.02,2.9022,10.598,0,3.98,81.56
191311,5.62,13.15,20.088,27.043,20.209,15.55,1,13.845,0.0856,3.27,2.459
191312,4.85,8.893,16.178,23.512,23.054,13.571,1.9076,14.62,2.3197,2.67,9.495
191401,4.91,9.612,16.771,24.002,22.672,13.175,0.5159,14.389,0.1315,2.86,0.628
191402,5.75,12.11,19.555,27.062,22.602,13.416,2.0663,14.953,0.0058,3.73,30.111
191403,7.06,15.699,23.88,32.088,29.132,12.881,1.4101,16.364,0.0805,5.24,17.974
191404,8.27,20.724,28.731,36.751,25.191,14.817,1.5647,16.021,0,6.63,28.813
191405,8.57,24.841,32.048,39.259,34.144,23.404,2.6391,14.394,0,7.24,37.997
191406,7.46,26.568,31.981,37.463,58.715,30.253,4.817,10.871,0,6.45,55.252
191407,5.86,25.881,29.567,33.302,73.11,33.252,11.2269,7.423,0,5.01,235.128
191408,5.36,25.802,29.153,32.524,68.575,33.643,15.0613,6.721,0,4.5,379.832
191409,5.47,24.941,28.793,32.678,57.506,31.903,8.7629,7.725,0,4.29,107.12
191410,5.76,19.989,25.283,30.602,34.717,22.688,1.2031,10.598,0,3.92,12.413
191411,5.65,14.582,21.474,28.427,20.209,16.475,0,13.845,0.045,3.38,0
191412,4.93,9.851,17.139,24.471,23.054,13.795,1.2531,14.62,0.5909,2.75,2.119
191501,4.95,9.828,17.023,24.255,22.672,12.901,1.0051,14.389,0.0491,2.89,3.343
191502,5.7,11.562,19.009,26.517,22.602,13.484,2.4216,14.953,0.0829,3.68,64.606
191503,7.02,15.771,23.953,32.159,29.132,12.192,1.6862,16.364,0.1097,5.25,11.942
191504,8.33,22.467,30.462,38.505,25.191,15.743,1,16.021,0,6.88,3.545
191505,8.69,26.605,33.792,41.025,34.144,23.791,2.0714,14.394,0,7.49,16.412
191506,7.52,27.308,32.71,38.177,58.715,31.707,4.8404,10.871,0,6.53,116.837
191507,5.93,27.152,30.842,34.574,73.11,34.575,12.5612,7.423,0,5.14,264.106
191508,5.39,26.309,29.643,33.031,68.575,33.621,12.9179,6.721,0,4.54,245.795
191509,5.38,25.198,29.048,32.924,57.506,31.878,9.7397,7.725,0,4.31,246.999
191510,5.84,22.689,27.97,33.286,34.717,25.507,2.6999,10.598,0,4.16,50.129
191511,5.8,15.976,22.869,29.822,20.209,16.98,1,13.845,0,3.5,22.457
191512,4.97,9.302,16.587,23.92,23.054,13.743,0.0404,14.62,1.5476,2.7,0.04
191601,4.84,8.52,15.699,22.933,23.333,12.746,0.1197,14.389,2.4942,2.75,0.119
191602,5.63,11.787,19.232,26.739,22.602,13.514,1.7598,14.953,0.0783,3.7,25.336
191603,7.15,18.443,26.626,34.83,28.868,14.054,0.9778,16.364,0,5.59,1.413
191604,8.38,23.312,31.313,39.357,25.628,15.747,1,16.021,0,7,4.17
191605,8.81,28.186,35.397,42.606,34.144,26.12,1.0971,14.394,0,7.72,4.641
191606,7.52,25.72,31.131,36.614,58.715,28.868,7.673,10.871,0.0023,6.35,193.033
191607,5.84,26.046,29.736,33.469,73.11,33.211,14.2837,7.423,0,5.03,338.998
191608,5.36,25.682,29.041,32.426,68.887,33.68,13.7133,6.721,0,4.49,302.26
191609,5.39,25.172,29.018,32.891,57.92,31.927,8.0497,7.72,0,4.31,158.426
191610,5.82,21.487,26.766,32.083,35.417,24.007,5.238,10.598,0,4.05,170.907
191611,5.71,14.47,21.362,28.315,20.842,15.687,0.9004,13.845,0.0608,3.37,1.254
191612,4.85,8.297,15.582,22.917,24.518,12.895,0,14.62,2.6353,2.62,0
191701,4.86,8.87,16.027,23.26,22.672,12.809,1.0051,14.389,1.7179,2.79,2.079
191702,5.7,11.354,18.844,26.354,22.602,13.117,2.1175,14.953,0.107,3.67,33.615
191703,7.02,15.579,23.735,31.943,29.132,12.17,1.0417,16.364,0.1522,5.22,5.713
191704,8.33,21.035,29.018,37.058,25.314,14.795,1,16.021,0.0035,6.67,5.074
191705,8.5,23.205,30.39,37.622,34.024,20.743,3.2757,14.394,0,7.01,48.68
191706,7.4,26.131,31.58,37.038,59.375,30.031,6.5481,10.871,0,6.39,147.704
191707,5.84,26.004,29.692,33.426,73.548,33.213,12.986,7.423,0,5.03,272.102
191708,5.36,25.691,29.063,32.434,68.946,33.62,16.0564,6.721,0,4.49,415.423
191709,5.38,24.711,28.558,32.46,58.564,31.88,7.5046,7.725,0,4.27,143.611
191710,5.81,21.029,26.308,31.628,34.96,23.909,5.7204,10.598,0,4.02,216.749
191711,5.64,13.852,20.768,27.722,20.83,15.494,0.2305,13.845,0.0811,3.32,0.231
191712,4.93,9.169,16.48,23.789,23.011,13.446,0.3353,14.62,1.6733,2.69,0.335
191801,4.84,7.983,15.178,22.411,22.755,12.083,0.2561,14.389,3.2573,2.73,0.261
191802,5.64,11.34,18.83,26.339,22.602,13.631,0.3408,14.953,0.0856,3.66,0.34
191803,7.08,17.072,25.251,33.458,30.263,13.019,1.0026,16.364,0,5.41,6.168
191804,8.33,21.376,29.379,37.421,25.237,14.944,1,16.021,0,6.71,3.559
191805,8.67,25.665,32.872,40.104,35.177,23.233,1.6992,14.394,0,7.36,14.897
191806,7.37,25.119,30.531,35.991,59.422,27.771,7.9435,10.871,0.0099,6.26,226.58
191807,5.91,27.482,31.171,34.905,73.208,34.884,9.591,7.423,0,5.18,180.01
191808,5.34,25.007,28.365,31.73,69.366,33.657,16.2936,6.721,0,4.42,406.414
191809,5.34,25.402,29.166,32.958,58.261,31.865,8.49,7.556,0,4.27,193.324
191810,5.82,20.987,26.288,31.606,35.488,23.949,1.0807,10.598,0,4.01,8.209
191811,5.69,13.99,20.907,27.861,20.046,16.43,0,13.845,0.0315,3.33,0
191812,4.86,8.539,15.848,23.183,22.571,13.015,0.3276,14.62,2.5106,2.65,0.335
191901,5,10.664,17.88,25.114,22.672,13.879,2.1376,14.389,0,2.95,41.793
191902,5.65,10.647,18.107,25.599,22.602,12.673,1.1724,14.953,0.2285,3.59,8.67
191903,7.08,17.117,25.296,33.503,29.108,13.019,1.2377,16.364,0,5.43,13.182
191904,8.33,21.538,29.517,37.56,25.191,15.219,1.0552,16.021,0,6.73,11.808
191905,8.63,25.644,32.806,40.038,33.933,23.32,2.3164,14.394,0,7.34,40.924
191906,7.49,26.615,32.029,37.501,58.715,30.604,6.5887,10.871,0,6.45,147.013
191907,5.84,25.858,29.57,33.281,73.649,33.211,13.7087,7.423,0,5.01,301.982
191908,5.35,25.85,29.187,32.572,68.951,33.644,16.5926,6.721,0,4.5,436.109
191909,5.43,24.846,28.694,32.594,57.506,31.88,9.0353,7.725,0,4.28,181.28
191910,5.82,20.796,26.096,31.414,34.686,24.029,3.789,10.598,0,3.99,129.962
191911,5.67,14.408,21.313,28.265,20.786,16.451,0.7481,13.845,0.0383,3.36,1.593
191912,4.89,9.093,16.401,23.712,23.705,13.048,0,14.62,1.9168,2.69,0
192001,4.89,9.172,16.344,23.574,23.233,12.914,0.1197,14.389,0.651,2.84,0.119
192002,5.69,11.516,18.961,26.492,22.849,13.514,2.0959,14.976,0.1012,3.67,39.781
192003,6.98,15.938,24.095,32.302,30.386,12.461,1.9033,16.364,0.0918,5.27,30.111
192004,8.37,22.642,30.636,38.679,25.191,15.737,1,16.021,0,6.91,2.035
192005,8.57,25.129,32.292,39.524,34.144,22.688,1.6905,14.394,0,7.26,16.862
192006,7.56,28.483,33.907,39.392,58.715,32.433,4.9946,10.871,0,6.69,66.491
192007,5.93,26.082,29.791,33.527,73.136,33.211,16.0984,7.423,0,5.04,501.595
192008,5.35,25.87,29.206,32.593,69.136,33.634,13.7004,6.721,0,4.5,332.204
192009,5.37,25.026,28.865,32.749,58.642,31.903,8.1804,7.725,0,4.3,153.42
192010,5.83,21.559,26.839,32.158,34.659,24.007,1.4017,10.598,0,4.06,12.83
192011,5.71,14.667,21.605,28.559,19.719,16.477,0,13.845,0.0293,3.39,0
192012,4.92,9.505,16.792,24.126,23.054,13.969,0,14.62,0.7579,2.73,0
192101,4.95,9.96,17.131,24.363,22.669,13.059,2.4155,14.389,0.1894,2.89,34.089
192102,5.63,11.268,18.716,26.224,22.651,12.995,1.1799,14.953,0.1325,3.65,9.904
192103,7.11,18.291,26.473,34.679,29.395,14.187,0.9063,16.364,0,5.57,1.468
192104,8.39,23.827,31.831,39.872,25.191,16.45,1,16.021,0,7.08,2.85
192105,8.76,28.687,35.849,43.081,34.672,25.542,1.1175,14.394,0,7.79,4.7
192106,7.58,27.568,32.971,38.44,59.321,30.937,8.2925,10.871,0,6.56,207.576
192107,5.92,26.529,30.217,33.951,73.548,33.304,13.6399,7.423,0,5.07,287.164
192108,5.36,25.311,28.683,32.055,69.198,33.696,16.7884,6.721,0,4.46,438.504
192109,5.39,24.782,28.606,32.507,58.639,31.878,6.3947,7.725,0,4.27,103.232
192110,5.82,20.19,25.509,30.827,34.181,22.648,1.017,10.598,0,3.94,10.281
192111,5.59,13.309,20.216,27.17,21.231,15.627,0,13.845,0.0946,3.28,0
192112,4.88,9.186,16.471,23.804,23.054,13.434,0,14.62,2.1343,2.69,0
192201,4.91,9.349,16.507,23.737,22.25,12.865,1.4055,14.389,0.9372,2.84,14.694
192202,5.71,12.244,19.695,27.201,21.92,13.604,1.0743,14.953,0,3.74,10.226
192203,7.11,17.631,25.811,34.019,29.748,13.537,0.6034,16.364,0,5.48,0.603
192204,8.37,23.162,31.154,39.195,25.413,16.883,1,16.02,0,6.97,6.616
192205,8.78,27.643,34.827,42.059,34.191,25.091,1.0602,14.394,0,7.64,2.634
192206,7.49,25.62,31.029,36.491,58.922,29.317,9.66,10.871,0.0035,6.33,329.7
192207,5.84,25.679,29.367,33.1,73.447,32.381,15.2276,7.423,0,4.97,408.666
192208,5.34,25.127,28.487,31.85,68.864,33.597,14.0186,6.721,0,4.42,325.689
192209,5.39,24.327,28.167,32.052,58.099,31.198,10.9735,7.725,0,4.23,328.069
192210,5.76,19.764,25.056,30.376,35.485,22.516,2.7994,10.598,0,3.91,76.905
192211,5.6,13.795,20.701,27.655,21.479,15.951,0.9974,13.845,0.0473,3.32,5.423
192212,4.86,8.967,16.275,23.585,23.683,12.899,1.1426,14.62,1.6173,2.68,6.241
192301,4.91,9.119,16.29,23.522,22.08,12.952,0.173,14.389,1.5545,2.81,0.173
192302,5.63,11.199,18.66,26.166,23.848,12.918,2.8611,14.953,0.1312,3.64,73.396
192303,7.01,16.293,24.477,32.682,28.809,12.967,0.8787,16.364,0.009,5.33,0.98
192304,8.37,23.417,31.421,39.463,25.314,16.122,1,16.021,0,7.01,1.692
192305,8.67,26.934,34.121,41.351,34.215,23.622,1.0618,14.394,0,7.53,3.515
192306,7.63,29.123,34.539,39.994,58.764,33.706,5.1756,10.871,0,6.77,104.307
192307,5.92,26.022,29.711,33.445,73.583,33.229,13.5459,7.423,0,5.03,306.547
192308,5.35,25.819,29.171,32.541,68.864,33.658,15.7605,6.721,0,4.51,491.502
192309,5.43,25.269,29.094,32.993,58.194,31.865,8.619,7.725,0,4.31,206.589
192310,5.81,20.345,25.661,30.98,34.717,24.006,2.5553,10.598,0,3.95,25.22
192311,5.62,14.025,20.941,27.896,20.719,16.085,1,13.845,0.0473,3.33,4.07
192312,4.93,9.959,17.242,24.577,23.215,13.829,0.2064,14.62,1.1461,2.76,0.206
192401,4.91,9.019,16.192,23.425,22.12,12.887,1.1689,14.389,1.4421,2.81,7.975
192402,5.66,11.767,19.226,26.732,22.602,13.708,1.2922,14.953,0.0349,3.7,16.658
192403,7.15,18.4,26.583,34.786,28.04,13.945,1,16.364,0,5.58,1.616
192404,8.47,23.728,31.709,39.749,25.191,16.908,1.0482,16.021,0,7.05,17.471
192405,8.63,26.417,33.601,40.811,34.144,23.462,1.352,14.394,0,7.47,10.282
192406,7.63,29.689,35.102,40.559,59.121,34.03,5.6308,10.871,0,6.85,114.652
192407,5.93,25.833,29.543,33.255,73.136,33.211,14.8887,7.423,0,5.01,364.363
192408,5.37,25.827,29.176,32.549,68.679,33.583,12.0726,6.721,0,4.5,223.905
192409,5.4,24.437,28.335,32.222,57.998,31.88,9.8567,7.725,0,4.26,234.097
192410,5.81,21.271,26.55,31.868,35.09,24.028,3.691,10.598,0,4.04,93.801
192411,5.64,14.019,20.934,27.885,21.06,15.848,1,13.845,0.0495,3.33,39.761
192412,4.96,9.603,16.914,24.225,23.054,13.969,0.0404,14.62,1.4194,2.75,0.04
192501,4.83,7.852,15.034,22.241,24.476,12.06,1.4711,14.389,4.0497,2.69,9.881
192502,5.56,10.154,17.614,25.106,23.19,12.714,1,14.953,0.293,3.55,4.565
192503,7.02,16.328,24.486,32.692,28.524,13.019,1,16.364,0,5.31,5.349
192504,8.34,22.239,30.244,38.263,25.614,15.717,0.9864,16.021,0,6.84,5.972
192505,8.64,25.564,32.728,39.958,34.08,23.259,1.9987,14.394,0,7.33,17.272
192506,7.49,26.546,31.973,37.417,58.715,30.733,6.2139,10.871,0,6.45,104.848
192507,5.84,25.359,29.071,32.781,73.622,32.705,13.4339,7.423,0,4.96,305.628
192508,5.34,25.809,29.159,32.531,68.966,33.657,15.5373,6.721,0,4.5,448.666
192509,5.42,25.048,28.911,32.771,58.16,31.878,7.6909,7.725,0,4.3,151.598
192510,5.82,20.722,26.023,31.342,34.898,23.983,1.6256,10.598,0,3.99,19.878
192511,5.67,14.019,20.934,27.885,20.209,15.465,1,13.845,0.063,3.33,10.05
192512,4.88,8.954,16.242,23.575,23.204,12.943,0,14.62,2.7797,2.67,0
192601,4.86,9.161,16.316,23.548,23.203,12.887,1.785,14.389,1.1645,2.82,17.237
192602,5.73,12.11,19.573,27.081,23.24,13.604,0.7278,14.953,0,3.73,0.751
192603,7.03,15.456,23.614,31.822,30.363,12.438,2.3868,16.364,0.1455,5.2,46.124
192604,8.23,20.292,28.31,36.328,25.191,14.388,1,16.021,0.005,6.57,5.892
192605,8.47,25.209,32.418,39.628,34.144,23.305,2.4991,14.394,0,7.28,54.801
192606,7.62,30.251,35.668,41.137,58.922,34.287,3.3312,10.871,0,6.92,37.591
192607,5.99,26.425,30.114,33.848,73.606,33.211,15.7819,7.423,0,5.05,434.988
192608,5.37,25.854,29.189,32.576,68.864,33.634,13.733,6.721,0,4.5,310.307
192609,5.43,24.829,28.69,32.573,58.034,31.878,9.0396,7.725,0,4.28,203.758
192610,5.82,20.711,25.991,31.31,35.489,24.007,2.8665,10.598,0,3.98,52.538
192611,5.58,12.803,19.71,26.666,20.83,15.019,0.9905,13.845,0.0923,3.23,3.034
192612,4.87,9.372,16.657,23.992,24.074,13.829,1.8013,14.62,0.8361,2.7,4.834
192701,4.86,8.744,15.937,23.132,23.333,12.889,1.5846,14.389,2.2317,2.78,19.406
192702,5.7,11.49,18.934,26.441,23.349,12.885,2.6296,14.953,0.1093,3.67,52.572
192703,6.94,14.904,23.062,31.267,29.132,12.17,2.2065,16.364,0.1634,5.13,36.256
192704,8.34,22.64,30.62,38.662,25.604,15.842,1,16.021,0,6.9,1.329
192705,8.58,25.09,32.278,39.485,34.763,23.384,1.7013,14.394,0,7.27,14.586
192706,7.53,28.257,33.672,39.129,58.88,31.82,4.4264,10.871,0,6.65,63.561
192707,5.93,26.285,29.995,33.707,73.11,33.211,14.5327,7.423,0,5.05,293.772
192708,5.34,25.594,28.931,32.317,68.766,33.62,15.0525,6.721,0,4.46,366.013
192709,5.41,25.508,29.372,33.257,58.099,31.878,7.3434,7.725,0,4.34,132.318
192710,5.83,21.317,26.596,31.915,35.33,24.029,3.0613,10.598,0,4.04,49.309
192711,5.7,14.256,21.312,28.394,20.732,16.125,1,14.124,0.045,3.41,28.96
192712,4.98,10.037,17.346,24.656,22.573,13.829,0,14.62,0.678,2.77,0
192801,4.89,8.99,16.184,23.401,22.628,12.996,1.6482,14.389,1.4896,2.8,23.491
192802,5.66,11.704,19.149,26.656,22.602,13.559,1.4107,14.953,0.0395,3.69,17.525
192803,7.12,17.575,25.756,33.962,29.132,13.046,1,16.364,0,5.49,1.652
192804,8.37,22.002,29.995,38.039,24.687,15.758,1.0535,16.021,0,6.81,13.69
192805,8.69,26.474,33.661,40.892,34.144,23.747,2.0993,14.394,0,7.49,25.621
192806,7.5,26.291,31.714,37.174,58.905,29.886,6.9298,10.871,0,6.41,159.502
192807,5.84,25.76,29.472,33.183,73.11,33.211,16.0995,7.423,0,4.99,429.921
192808,5.34,26.239,29.589,32.962,68.864,33.619,10.6081,6.721,0,4.54,182.412
192809,5.42,26.009,29.849,33.732,58.895,33.356,7.6596,7.725,0,4.39,151.583
192810,5.89,21.937,27.215,32.534,34.717,24.006,4.6857,10.598,0,4.09,156.062
192811,5.68,14.423,21.353,28.305,20.209,16.5,0,13.845,0.0315,3.37,0
192812,4.98,10.17,17.478,24.79,22.642,13.703,1.1318,14.62,0.7706,2.77,1.522
192901,4.93,9.261,16.433,23.664,23.286,12.903,2.0806,14.389,1.0376,2.83,23.012
192902,5.62,10.674,18.119,25.627,22.213,12.636,1,14.953,0.2065,3.59,4.604
192903,7.06,17.157,25.338,33.519,28.766,13.019,1.068,16.364,0,5.42,3.916
192904,8.33,22.553,30.535,38.578,24.987,15.747,1,16.021,0,6.89,4.292
192905,8.68,27.484,34.669,41.903,34.816,24.748,1.4592,14.394,0,7.61,14.684
192906,7.45,28.513,33.711,38.92,59.38,31.797,5.6078,10.407,0,6.52,142.234
192907,5.92,25.781,29.492,33.204,73.11,33.213,14.614,7.423,0,4.99,354.348
192908,5.31,25.329,28.665,32.051,68.864,33.72,13.657,6.721,0,4.45,282.988
192909,5.42,25.375,29.201,33.1,58.049,31.85,6.4729,7.725,0,4.32,68.407
192910,5.81,20.336,25.615,30.933,34.659,23.014,5.9905,10.598,0,3.94,254.855
192911,5.63,14.004,20.893,27.848,20.83,15.856,0,13.845,0.0518,3.33,0
192912,4.91,9.056,16.343,23.674,23.081,13.692,2.4828,14.62,1.7414,2.68,8.844
193001,4.85,8.43,15.627,22.838,23.433,12.331,1.1289,14.389,3.0388,2.76,12.413
193002,5.62,11.02,18.482,25.988,23.317,12.704,1.1142,14.953,0.1455,3.63,6.907
193003,7.09,17.179,25.358,33.567,28.966,13.019,1,16.364,0,5.43,3.398
193004,8.37,22.163,30.157,38.201,25.191,15.722,1.0594,16.021,0,6.83,7.45
193005,8.62,25.988,33.15,40.383,34.59,23.32,1.235,14.394,0,7.4,6.888
193006,7.48,27.836,33.172,38.514,58.874,31.028,5.3947,10.678,0,6.53,73.937
193007,5.9,25.676,29.388,33.122,73.11,33.213,12.456,7.423,0,4.99,267.43
193008,5.33,25.647,29.007,32.391,68.933,33.559,11.7482,6.721,0,4.48,211.922
193009,5.4,25.324,29.174,33.073,57.928,31.85,7.4168,7.725,0,4.32,214.946
193010,5.85,21.478,26.757,32.074,34.975,24.029,2.4312,10.598,0,4.06,29.622
193011,5.67,13.905,20.809,27.761,20.615,15.853,1,13.845,0.0563,3.33,22.463
193012,4.85,8.963,16.249,23.582,23.054,13.227,1.831,14.62,1.9263,2.68,7.447
193101,4.97,10.746,17.716,24.771,20.686,13.414,1.0051,14.011,0,2.9,2.498
193102,5.56,11.746,18.778,25.885,24.311,13.715,2.3551,14.114,0.1044,3.56,60.089
193103,6.89,16.453,24.349,32.291,29.295,12.992,1.3722,15.813,0.0493,5.2,16.148
193104,8.36,23.517,31.405,39.308,23.363,16.773,0.9194,15.766,0,6.95,0.959
193105,8.49,26.71,33.574,40.483,32.747,23.298,1.3588,13.771,0,7.29,7.759
193106,7.53,28.88,34.102,39.387,55.275,32.793,3.9352,10.483,0,6.61,64.122
193107,5.92,26.104,29.792,33.527,73.176,33.213,17.532,7.423,0,5.03,502.095
193108,5.07,26.676,29.637,32.607,68.588,33.679,14.3,5.93,0,4.27,349.763
193109,5.22,25.764,29.263,32.798,57.237,31.878,8.9614,7.033,0,4.13,244.593
193110,5.63,21.935,26.811,31.743,38.096,24.404,3.2295,9.808,0,3.91,68.494
193111,5.68,14.037,21.063,28.144,21.632,15.937,1,14.107,0.0405,3.37,11.324
193112,4.93,10.024,17.332,24.665,22.858,13.956,1.0879,14.642,0.123,2.76,1.249
193201,4.98,10.663,17.64,24.633,21.203,13.398,0.1197,13.97,0,2.89,0.119
193202,5.64,11.154,18.423,25.713,20.869,12.736,1.6478,14.536,0.1382,3.57,21.569
193203,7.11,17.091,25.271,33.478,27.34,13.019,1,16.364,0,5.42,1.503
193204,8.56,22.177,30.353,38.558,18.903,15.771,1,16.38,0,6.94,3.313
193205,8.4,26.864,33.625,40.432,34.371,24.529,2.2521,13.568,0,7.25,27.451
193206,7.5,28.943,34.181,39.441,57.254,32.283,4.7369,10.474,0,6.62,115.382
193207,5.81,26.784,30.272,33.818,72.71,33.211,12.7992,7.033,0,4.94,318.618
193208,5.02,26.406,29.27,32.156,67.613,33.633,13.9594,5.752,0,4.16,326.664
193209,5.19,26.041,29.473,32.949,55.626,31.878,8.4596,6.912,0,4.12,166.417
193210,5.83,21.772,26.905,32.08,32.145,23.983,2.3787,10.309,0,4.01,36.025
193211,5.71,14.733,21.511,28.337,18.461,16.223,1,13.606,0.0135,3.35,31.138
193212,4.85,9.605,16.55,23.512,23.864,13.767,1.1318,13.908,1.0649,2.64,4.255
193301,4.77,8.095,15.074,22.043,21.791,12.098,1.7068,13.948,3.129,2.67,27.887
193302,5.69,12.296,19.768,27.297,22.585,13.604,1.9481,14.976,0,3.75,29.811
193303,7.32,16.798,25.13,33.515,23.503,12.927,1,16.692,0,5.44,2.598
193304,8.32,20.463,28.479,36.497,23.607,14.606,1.4106,16.021,0.0013,6.6,25.281
193305,8.41,25.428,32.353,39.337,35.501,22.767,2.3183,13.904,0,7.15,26.993
193306,7.21,26.858,31.878,36.964,59.203,29.948,5.9899,10.104,0,6.2,145.668
193307,5.85,25.786,29.496,33.209,73.871,33.211,16.376,7.423,0,5,371.603
193308,5.06,25.715,28.739,31.824,71.701,33.634,15.3894,6.084,0,4.23,381.127
193309,5.24,25.381,28.98,32.603,58.635,31.865,7.6931,7.222,0,4.16,151.155
193310,5.78,21.098,26.239,31.393,33.093,23.963,3.7396,10.27,0,3.95,85.092
193311,5.77,13.8,20.915,28.066,16.818,15.87,0,14.266,0.0473,3.37,0
193312,4.97,9.497,16.783,24.167,21.285,13.767,0,14.67,0.9573,2.74,0
193401,4.85,8.983,15.975,23.029,22.164,12.397,1.8255,14.046,1.3482,2.75,25.529
193402,5.71,11.404,18.896,26.404,20.793,12.844,1.876,14.978,0.047,3.68,21.574
193403,7.14,16.108,24.475,32.859,26.069,13.019,1.0081,16.727,0.0649,5.37,1.211
193404,8.37,22.886,30.867,38.844,22.686,15.743,1.0027,15.943,0,6.92,9.429
193405,8.67,26.691,33.753,40.861,31.87,23.948,1.0356,14.173,0,7.42,6.326
193406,7.39,27.286,32.472,37.732,58.382,31.028,6.4916,10.445,0,6.38,150.568
193407,5.77,26.282,29.769,33.357,72.16,33.211,13.9266,7.076,0,4.92,314.621
193408,5.12,26.293,29.281,32.366,68.124,33.605,16.4501,6.073,0,4.28,406.787
193409,5.31,25.704,29.228,32.803,54.291,31.88,9.3368,7.1,0,4.14,223.462
193410,5.87,20.715,25.87,31.086,29.72,24.031,2.6216,10.373,0,3.94,51.355
193411,5.57,13.736,20.778,27.83,25.217,15.932,1,14.08,0.0563,3.34,15.29
193412,4.87,10.057,17.242,24.466,26.368,13.993,0.474,14.407,0.5804,2.74,0.474
193501,4.82,8.61,15.564,22.542,21.571,12.414,1.0051,13.935,2.216,2.7,3.612
193502,5.61,12.058,19.509,26.991,26.196,13.815,1.5839,14.931,0,3.72,19.511
193503,7.18,16.895,25.053,33.212,25.199,13.019,1,16.317,0,5.37,2.402
193504,8.3,20.642,28.693,36.761,23.598,15.104,1.0454,16.118,0,6.64,13.346
193505,8.58,26.94,34.004,41.112,31.399,24.748,1.0117,14.173,0,7.47,5.226
193506,7.56,28.354,33.64,38.926,53.668,32.077,6.1853,10.571,0,6.57,133.044
193507,5.9,26.732,30.321,33.931,71.632,32.643,12.4748,7.198,0,5.01,265.973
193508,5.12,25.617,28.626,31.696,68.567,33.21,18.0259,6.057,0,4.21,509.744
193509,5.26,25.275,28.799,32.398,55.526,31.411,9.9222,7.124,0,4.12,201.612
193510,5.9,20.819,26.121,31.438,30.001,23.964,1.1746,10.598,0,3.99,13.092
193511,5.72,14.241,21.156,28.108,17.259,16.459,0,13.845,0.0428,3.36,0
193512,5.06,9.733,17.155,24.613,20.266,13.555,0.3199,14.879,1.5597,2.77,0.319
193601,4.95,8.391,15.561,22.772,17.95,12.693,1.0051,14.365,2.42,2.75,4.129
193602,5.65,11.708,19.117,26.583,22.353,13.018,1.2444,14.874,0.09,3.68,10.928
193603,7.16,17.115,25.297,33.558,26.725,12.82,1.3386,16.442,0,5.43,14.832
193604,8.33,21.933,29.82,37.725,22.128,15.118,1,15.791,0,6.73,4.406
193605,8.47,26.396,33.257,40.118,34.968,23.247,2.8286,13.722,0,7.24,50.151
193606,7.24,26.023,31.182,36.343,60.456,28.655,7.4374,10.322,0,6.18,217.136
193607,5.68,25.998,29.485,33.009,73.317,33.128,16.6041,7.011,0,4.86,410.219
193608,5.05,26.325,29.249,32.235,69.187,33.488,12.8559,5.908,0,4.23,290.308
193609,5.22,25.182,28.681,32.218,57.791,31.678,10.5918,7.034,0,4.08,304.722
193610,5.67,20.407,25.462,30.562,34.818,24.095,4.2413,10.156,0,3.85,156.522
193611,5.72,14.604,21.655,28.77,19.255,16.802,0.8123,14.167,0.0225,3.44,0.947
193612,4.91,10.062,17.185,24.369,26.344,13.825,2.0293,14.306,0.3116,2.73,10.797
193701,4.92,7.397,14.722,22.064,16.827,11.936,0.1197,14.646,4.1527,2.71,0.119
193702,5.57,11.969,19.414,26.923,28.645,13.514,2.5992,14.953,0.0699,3.71,58.393
193703,7.18,15.321,23.672,32.055,24.614,12.365,1,16.712,0.1589,5.27,3.656
193704,8.4,21.405,29.482,37.573,20.69,15.84,1.4523,16.143,0,6.77,23.12
193705,8.5,25.712,32.721,39.785,32.799,23.32,1.8499,14.07,0,7.25,15.102
193706,7.33,28.478,33.535,38.637,57.545,31.419,4.5799,10.159,0,6.42,77.178
193707,5.8,26.728,30.215,33.761,73.006,33.213,12.1351,7.031,0,4.93,262.483
193708,5.34,25.376,28.723,32.096,68.767,33.657,13.9329,6.721,0,4.46,321.201
193709,5.26,25.754,29.275,32.811,56.246,31.903,8.642,7.057,0,4.14,214.739
193710,5.85,20.327,25.608,30.925,31.886,23.01,4.1506,10.598,0,3.94,134.296
193711,5.7,14.047,20.983,27.937,18.878,16.133,0.0553,13.845,0.0585,3.34,0.055
193712,4.83,8.686,15.868,23.055,22.712,13.768,0.0539,14.352,1.8764,2.61,0.054
193801,4.94,10.007,17.177,24.384,24.047,14.165,1.4305,14.364,0,2.89,11.746
193802,5.6,10.204,17.674,25.205,22.097,12.763,1.6022,15.003,0.3206,3.56,22.865
193803,6.9,18.489,26.301,34.161,32.394,14.051,1.0055,15.672,0,5.42,2.429
193804,8.73,22.915,31.312,39.701,19.327,16.736,1,16.765,0,7.16,3.901
193805,8.54,25.907,32.851,39.831,35.488,22.602,2.6958,13.901,0,7.22,37.046
193806,7.14,26.349,31.371,36.432,61.672,29.052,8.8438,10.081,0,6.13,293.61
193807,5.8,26.239,29.764,33.336,70.169,33.211,12.8647,7.098,0,4.92,263.967
193808,5.07,25.933,28.942,31.965,68.679,33.657,13.5501,6.032,0,4.24,295.431
193809,5.17,25.992,29.451,32.904,56.721,31.88,7.2884,6.915,0,4.12,175.938
193810,5.83,21.724,26.839,31.993,33.116,23.888,2.6937,10.269,0,3.99,50.871
193811,5.55,13.787,20.56,27.374,23.82,15.701,0.0506,13.562,0.0608,3.28,0.051
193812,4.88,9.012,16.32,23.63,22.17,13.618,0,14.62,1.2316,2.68,0
193901,4.94,9.98,17.056,24.19,20.064,12.901,1.0118,14.21,0,2.86,5.629
193902,5.75,12.469,19.919,27.448,24.362,13.715,1.9148,14.978,0,3.77,34.761
193903,7.05,15.486,23.696,31.954,27.804,12.693,1.0635,16.415,0.0985,5.22,10.544
193904,8.36,22.6,30.565,38.593,21.275,16.585,1,15.992,0,6.88,5.682
193905,8.67,27.226,34.249,41.335,31.219,24.772,1.0729,14.107,0,7.48,6.05
193906,7.44,27.336,32.573,37.856,59.292,30.82,6.9884,10.52,0,6.42,177.71
193907,5.9,26.06,29.769,33.504,73.033,33.274,16.4776,7.423,0,5.04,402.26
193908,5.18,25.751,28.837,31.947,66.888,33.634,13.3364,6.196,0,4.27,260.74
193909,5.31,25.179,28.777,32.399,54.439,31.88,9.3747,7.198,0,4.13,242.744
193910,5.77,21.277,26.407,31.587,34.038,23.909,2.8517,10.309,0,3.97,53.42
193911,5.7,14.269,21.119,27.986,17.907,15.864,0.2276,13.718,0.0405,3.34,0.228
193912,4.91,9.792,16.932,24.117,23.159,13.966,0,14.323,0.5223,2.72,0
194001,4.85,8.79,15.844,22.92,21.877,12.45,0.1419,14.133,2.6539,2.75,0.142
194002,5.67,11.676,19.144,26.649,24.701,13.389,2.5486,14.973,0.0313,3.69,57.461
194003,6.73,15.3,23.069,30.891,34.494,11.961,2.4842,15.565,0.1656,5,51.606
194004,8.36,21.374,29.502,37.628,22.254,15.72,1,16.216,0,6.79,7.048
194005,8.57,26.515,33.578,40.687,32.758,23.725,1.6462,14.171,0,7.39,13.43
194006,7.59,28.087,33.494,38.955,57.227,31.724,4.7742,10.845,0,6.63,76.367
194007,5.77,26.228,29.715,33.21,72.173,33.211,15.5529,6.981,0,4.88,387.706
194008,5.14,26.099,29.122,32.17,67.327,33.62,15.7093,6.072,0,4.26,378.819
194009,5.35,25.133,28.796,32.523,54.454,31.878,7.378,7.379,0,4.2,142.284
194010,5.89,21.711,26.991,32.309,31.556,24.007,1.9575,10.598,0,4.06,15.242
194011,5.75,15.114,22.134,29.211,21.177,16.552,0,14.097,0,3.48,0
194012,4.98,9.836,17.19,24.53,22.677,13.396,1.2662,14.693,0.8552,2.76,3.353
194101,4.87,9.724,16.716,23.768,22.632,12.865,1.7199,14.009,0.4895,2.8,15.566
194102,5.75,12.083,19.532,27.038,18.611,13.715,1.1057,14.953,0,3.72,8.929
194103,7.07,18.764,26.74,34.73,28.235,13.957,1.0711,15.967,0,5.53,10.302
194104,8.61,24.342,32.323,40.365,19.284,16.872,1,16.021,0,7.13,2.409
194105,8.43,26.657,33.377,40.159,36.109,23.102,1.9751,13.504,0,7.2,19.099
194106,7.45,27.067,32.454,37.938,61.675,30.087,6.7172,10.871,0,6.51,175.007
194107,5.77,27.087,30.574,34.058,72.613,34.091,12.8078,6.973,0,4.96,256.932
194108,5.27,25.893,29.052,32.307,68.07,33.086,14.0312,6.414,0,4.37,365.609
194109,5.28,25.455,29.076,32.712,57.211,31.865,8.7889,7.212,0,4.17,204.037
194110,5.76,21.211,26.366,31.52,34.666,23.827,2.9332,10.286,0,3.96,61.627
194111,5.67,14.371,21.297,28.249,19.759,16.424,1,13.876,0.027,3.36,3.537
194112,4.91,10.816,17.781,24.764,23.627,14.576,0,13.928,0,2.75,0
194201,4.91,9.096,16.151,23.254,21.002,12.837,2.1683,14.158,1.3415,2.77,34.645
194202,5.68,11.453,18.924,26.433,21.481,13.631,2.5541,14.954,0.0367,3.67,58.012
194203,6.98,17.362,25.27,33.213,29.811,12.968,1.5453,15.827,0,5.33,17.022
194204,8.32,22.406,30.291,38.192,22.274,15.646,1.0013,15.765,0,6.8,8.19
194205,8.54,28.065,35.009,41.993,33.854,24.688,1.0055,13.904,0,7.54,3.506
194206,7.54,28.955,34.194,39.48,57.178,31.401,6.157,10.524,0,6.62,133.914
194207,5.92,26.431,30.119,33.853,74.376,32.552,14.8784,7.423,0,5.07,289.857
194208,5.18,25.86,28.946,32.031,68.39,33.634,16.0052,6.172,0,4.29,423.504
194209,5.15,24.526,27.98,31.501,58.255,31.398,11.6564,6.975,0,4.01,345.771
194210,5.78,20.901,26.134,31.412,32.63,24.007,1.7953,10.511,0,3.98,10.094
194211,5.71,15.414,22.368,29.37,21.413,16.501,0.2014,13.956,0,3.48,0.203
194212,4.91,9.742,17.027,24.311,23.496,13.829,0.521,14.568,0.8925,2.75,0.597
194301,4.87,11.611,18.416,25.246,27.346,13.46,1.6194,13.62,0,2.92,19.678
194302,5.68,10.62,18.047,25.541,20.314,12.735,1.2448,14.921,0.265,3.58,17.817
194303,6.97,17.658,25.413,33.169,28.299,12.641,1,15.487,0,5.28,4.406
194304,8.28,20.693,28.657,36.683,23.516,14.647,1.5507,15.992,0,6.59,30.272
194305,8.64,26.919,34.107,41.338,32.315,24.736,2.0206,14.394,0,7.54,25.607
194306,7.58,27.941,33.328,38.813,57.64,30.567,5.45,10.871,0,6.61,91.043
194307,5.93,26.069,29.758,33.491,72.426,33.211,14.6103,7.423,0,5.03,363.465
194308,5.36,25.098,28.468,31.842,67.606,33.657,17.6923,6.721,0,4.44,534.685
194309,5.42,25.168,29.018,32.894,56.434,31.865,9.2002,7.725,0,4.31,219.205
194310,5.89,21.476,26.757,32.075,31.64,23.961,2.6557,10.598,0,4.05,47.048
194311,5.71,14.527,21.42,28.372,18.022,16.598,0,13.845,0.018,3.38,0
194312,5.03,10.543,17.853,25.238,22.315,13.969,0,14.694,0,2.83,0
194401,4.78,9.624,16.279,22.986,23.94,12.738,1.7032,13.363,0.4693,2.7,25.664
194402,5.58,11.711,18.991,26.32,25.684,13.784,2.2415,14.609,0.0027,3.63,45.333
194403,7.1,15.579,23.778,32.038,27.209,11.95,2.2276,16.442,0.1319,5.23,50.458
194404,8.16,20.233,28.214,36.254,24.884,14.417,1.0013,16.021,0.0035,6.55,7.611
194405,8.64,27.791,34.868,41.991,29.854,26.06,1.3419,14.2,0,7.59,9.25
194406,7.48,28.131,33.315,38.577,57.138,31.144,7.38,10.445,0,6.49,159.803
194407,5.9,26.135,29.823,33.533,73.761,33.211,11.52,7.399,0,5.02,281.564
194408,5.1,25.905,28.991,32.098,69.574,33.634,17.2977,6.194,0,4.29,451.077
194409,5.31,26.717,30.241,33.816,56.275,31.537,6.6773,7.098,0,4.24,137.676
194410,5.82,20.447,25.652,30.883,33.189,24.006,3.4332,10.408,0,3.91,96.481
194411,5.67,14.304,21.212,28.165,16.814,16.477,0,13.845,0.0248,3.36,0
194412,5.07,10.881,18.166,25.5,21.547,14.614,0.0404,14.62,0,2.84,0.04
194501,4.93,8.471,15.628,22.861,21.472,12.693,2.5465,14.389,2.4574,2.76,54.183
194502,5.74,10.196,17.789,25.419,15.934,12.818,1.7815,15.225,0.2945,3.58,31.166
194503,7.12,17.007,25.21,33.394,27.662,12.715,0.9778,16.364,0,5.41,1.263
194504,8.23,20.949,28.836,36.716,25.856,15.128,1.0012,15.766,0,6.58,2.623
194505,8.58,25.782,32.944,40.177,32.275,23.32,2.1422,14.394,0,7.37,24.396
194506,7.39,28.716,33.901,39.086,57.918,31.352,6.348,10.371,0,6.53,152.943
194507,5.92,27.218,30.853,34.539,72.545,32.81,12.5894,7.323,0,5.11,241.539
194508,5.4,26.527,29.861,33.248,69.49,33.883,11.7511,6.721,0,4.56,144.076
194509,5.22,25.321,28.796,32.349,58.808,31.78,10.804,7.028,0,4.08,273.929
194510,5.8,19.951,25.265,30.586,34.682,23.446,4.782,10.598,0,3.93,138.418
194511,5.7,13.716,20.645,27.597,17.429,15.731,0,13.845,0.045,3.32,0
194512,4.9,8.313,15.598,22.933,19.658,13.068,1.1318,14.62,3.2167,2.63,1.826
194601,4.96,9.19,16.509,23.847,17.742,12.829,0.1197,14.658,0.4114,2.86,0.119
194602,5.98,13.051,20.666,28.324,15.518,14.498,1.6862,15.273,0,3.87,25.987
194603,7.36,16.45,24.769,33.1,20.445,12.43,1.2996,16.628,0.009,5.39,17.277
194604,8.3,20.781,28.705,36.669,23.255,14.786,1.2587,15.891,0.0047,6.59,15.376
194605,8.56,24.952,32.116,39.347,33.511,23.105,2.307,14.394,0,7.25,25.999
194606,7.32,27.34,32.536,37.724,59.655,29.092,5.9256,10.384,0,6.37,157.185
194607,5.66,26.155,29.541,33.012,73.056,32.754,15.2754,6.858,0,4.81,406.912
194608,5.11,26.399,29.384,32.419,67.936,33.633,16.0989,6.021,0,4.27,394.492
194609,5.47,24.873,28.748,32.632,56.316,31.881,10.3341,7.725,0,4.29,300.46
194610,5.82,20.749,26.044,31.362,33.987,24.007,3.81,10.598,0,3.99,95.279
194611,5.67,14.139,21.052,28.006,18.16,16.523,1,13.845,0.0158,3.34,22.725
194612,5.02,10.895,18.181,25.515,21.359,13.767,0.5229,14.62,0.0147,2.83,0.523
194701,4.96,9.219,16.376,23.607,20.792,12.889,1.5982,14.389,1.0461,2.84,28.006
194702,5.72,11.726,19.186,26.692,19.659,13.514,1.1784,14.954,0.0653,3.69,11.883
194703,7.15,17.617,25.799,34.004,26.073,13.005,1.4426,16.364,0,5.48,17.517
194704,8.49,23.599,31.594,39.635,21.613,17.268,0.942,16.021,0,7.04,1.218
194705,8.68,26.297,33.482,40.693,32.203,23.983,1.5618,14.394,0,7.44,9.89
194706,7.64,28.821,34.237,39.721,57.46,30.825,4.9297,10.871,0,6.75,85.848
194707,5.99,26.181,29.892,33.625,70.82,33.312,14.9385,7.423,0,5.04,384.37
194708,5.4,26.138,29.508,32.881,68.023,33.21,12.6121,6.721,0,4.52,221.463
194709,5.24,25.515,29.053,32.628,57.662,31.437,9.5896,7.114,0,4.12,325.704
194710,5.8,21.089,26.28,31.513,33.421,23.912,2.7735,10.412,0,3.97,75.843
194711,5.88,14.148,21.489,28.869,15.742,16.5,0.1522,14.697,0.0158,3.49,0.152
194712,4.93,10.283,17.513,24.799,23.004,13.879,1.087,14.493,0.2613,2.77,1.326
194801,5.06,10.165,17.444,24.747,19.468,13.511,1.0162,14.559,0,2.92,10.501
194802,5.7,12.338,19.668,27.027,23.152,13.678,1.2574,14.69,0,3.71,15.183
194803,7.12,16.452,24.757,33.1,27.804,12.563,1.2436,16.624,0.0336,5.4,7.113
194804,8.52,23.298,31.422,39.587,20.68,16.124,1.0037,16.292,0,7.08,7.161
194805,8.54,26.867,33.875,40.887,33.638,23.954,2.0429,14.022,0,7.4,23.718
194806,7.73,29.145,34.654,40.14,55.504,31.529,6.0556,10.996,0,6.82,138.287
194807,5.94,25.624,29.313,33.047,71.947,32.929,14.442,7.423,0,4.98,373.374
194808,5.37,25.842,29.178,32.563,68.059,33.327,13.3146,6.721,0,4.5,278.502
194809,5.46,24.851,28.674,32.574,55.605,31.804,9.3498,7.725,0,4.27,303.78
194810,5.86,20.588,25.969,31.386,33.118,24.134,3.4786,10.798,0,4.02,70.88
194811,5.68,14.662,21.613,28.593,21.217,15.76,1,13.907,0,3.39,22.365
194812,4.85,9.413,16.557,23.743,24.468,13.966,0.4198,14.332,2.0212,2.67,0.419
194901,4.98,10.034,17.112,24.189,18.778,13.373,1.0051,14.133,0,2.86,3.798
194902,5.88,11.124,18.753,26.381,15.352,13.247,2.0232,15.225,0.0972,3.69,57.404
194903,7.04,16.599,24.595,32.651,27.232,13.019,1.11,16.015,0,5.27,10.698
194904,7.89,21.86,29.157,36.473,31.585,16.031,1.0023,14.578,0,6.38,5.554
194905,8.09,25.102,31.616,38.132,37.97,23.615,2.6233,13.03,0,6.83,44.287
194906,7.41,27.831,33.053,38.339,56.757,31.331,7.6516,10.507,0,6.47,195.609
194907,6.36,25.39,29.673,33.972,71.365,33.213,14.3374,8.582,0,5.41,346.844
194908,5.18,25.958,29.087,32.226,68.419,33.658,16.8915,6.267,0,4.32,450.162
194909,5.2,25.318,28.793,32.346,55.977,31.878,7.7296,7.028,0,4.08,147.651
194910,5.9,21.768,26.9,32.106,29.322,23.931,4.3017,10.337,0,4.02,128.248
194911,5.85,13.048,20.166,27.326,13.074,15.255,0,14.255,0.0743,3.32,0
194912,5.09,7.665,15.525,23.41,15.574,12.676,0,15.743,3.1429,2.73,0
195001,5.18,8.859,16.674,24.504,15.96,12.54,1.0051,15.621,1.1368,2.97,4.153
195002,5.96,10.842,18.69,26.56,14.606,13.016,1.4046,15.721,0.1392,3.73,16.267
195003,7.22,15.465,23.974,32.52,23.776,12.852,2.2324,17.053,0.0895,5.36,42.666
195004,8.49,22.004,29.99,37.993,13.761,15.793,0.9643,15.968,0,6.8,1.483
195005,8.92,26.169,33.702,41.237,29.82,23.368,1.0092,15.069,0,7.63,3.056
195006,7.51,26.688,32.151,37.611,59.21,30.049,7.7399,10.871,0,6.48,202.158
195007,5.9,26.177,29.888,33.622,73.657,33.828,13.1454,7.423,0,5.04,278.947
195008,5.34,25.494,28.778,32.091,66.972,34.132,14.0145,6.6,0,4.42,395.068
195009,5.24,25.079,28.579,32.101,53.855,31.549,7.2074,7.022,0,4.07,128.726
195010,5.81,20.925,26.149,31.377,34.555,23.937,2.0271,10.402,0,3.97,26.787
195011,5.79,13.011,20.125,27.278,13.709,15.83,0.7171,14.267,0.0405,3.31,0.978
195012,4.92,10.157,16.876,23.634,15.351,13.768,1.5417,13.478,0.8108,2.62,2.826
195101,5.16,7.653,15.713,23.813,17.597,12.532,1.0051,16.159,2.7527,2.94,4.783
195102,6.08,11.178,19.071,27.026,8.517,13.336,0.9853,15.849,0.1137,3.8,2.399
195103,7.07,17.415,25.129,32.827,20.181,13.019,2.185,15.389,0,5.23,37.039
195104,8.34,22.212,29.995,37.779,18.792,15.462,1.1409,15.565,0,6.71,21.227
195105,8.51,27.256,34.041,40.839,27.931,23.994,1.2706,13.582,0,7.32,5.014
195106,7.66,28.25,33.761,39.247,57.797,30.935,5.4942,10.997,0,6.71,105.298
195107,6.24,25.7,29.78,33.915,71.153,33.211,14.8434,8.214,0,5.29,373.052
195108,5.39,26.509,29.826,33.192,66.972,33.657,13.6058,6.684,0,4.54,280.935
195109,5.37,25.601,29.164,32.747,49.396,31.878,9.4734,7.124,0,4.14,230.351
195110,6.05,22.612,28.114,33.634,31.375,25.53,3.4706,10.999,0,4.27,78.227
195111,5.73,15.266,22.078,28.889,20.505,16.684,1,13.623,0.009,3.4,13.566
195112,5.03,9.408,17.02,24.641,21.814,13.969,0,15.21,1.4108,2.8,0
195201,4.98,10.917,17.608,24.361,13.685,13.246,0.2779,13.444,0.5977,2.83,0.278
195202,5.84,14.02,21.142,28.323,17.995,14.261,1.4658,14.29,0,3.8,16.973
195203,7.03,15.843,24.134,32.449,33.245,12.943,1.809,16.603,0.0716,5.32,23.882
195204,8.33,22.452,30.607,38.788,29.027,15.784,1.0011,16.298,0,6.97,6.576
195205,8.77,26.223,33.739,41.233,37.91,23.951,1.2368,15.011,0,7.63,8.082
195206,7.54,27.641,33.021,38.423,56.851,31.242,8.1708,10.768,0,6.56,280.435
195207,5.83,26.556,30.144,33.791,74.357,33.238,10.9619,7.235,0,5.01,180.01
195208,5.35,25.824,29.159,32.546,70.353,33.391,12.6443,6.721,0,4.5,241.974
195209,5.37,24.801,28.549,32.37,56.641,31.78,9.3969,7.568,0,4.22,225.486
195210,5.99,21.369,26.671,31.973,25.306,24.007,2.7816,10.552,0,4.06,59.793
195211,6.13,13.404,21.222,29.099,10.632,16.263,0.6429,15.694,0.027,3.58,2.511
195212,5.1,9.372,16.932,24.538,18.298,13.767,0.8536,15.167,0.9693,2.79,0.87
195301,4.7,9.214,16.288,23.413,30.282,12.857,2.7023,14.197,2.8355,2.79,57.329
195302,5.87,12.869,20.653,28.525,20.245,14.454,1,15.657,0,3.93,3.809
195303,6.94,19.922,27.636,35.368,35.686,15.401,0.9961,15.423,0,5.55,1.575
195304,8.6,22.582,30.913,39.288,23.81,16.252,1,16.707,0,7.08,5.015
195305,8.66,27.064,34.236,41.467,35.282,24.752,1.0066,14.379,0,7.55,4.182
195306,7.29,28.203,33.269,38.37,62.944,31.679,6.7277,10.168,0,6.39,143.443
195307,5.67,25.894,29.38,32.889,76.449,33.011,15.3751,6.998,0,4.84,388.611
195308,5.19,26.174,29.302,32.502,70.272,33.532,14.1627,6.326,0,4.37,336.077
195309,5.38,24.749,28.567,32.437,58.704,31.78,9.2269,7.663,0,4.25,245.787
195310,6.07,20.377,26.152,31.96,32.547,23.966,1.2836,11.559,0,4.19,7.974
195311,5.83,13.479,20.834,28.251,14.534,16.213,0.0506,14.771,0.0563,3.44,0.051
195312,5.11,11.102,18.626,26.193,22.69,14.255,0.0808,15.08,0,2.92,0.081
195401,4.87,7.803,15.508,23.309,27.951,12.855,1.3386,15.504,3.5276,2.86,11.462
195402,5.81,13.134,21.107,29.149,29.26,14.516,1.4155,16.015,0,4.01,17.366
195403,7.29,16.223,24.794,33.343,24.512,13.219,1,17.097,0,5.47,2.805
195404,8.52,24.31,32.388,40.515,21.323,17.541,1,16.192,0,7.18,1.931
195405,8.54,27.41,34.244,41.105,34.638,24.621,1.4325,13.696,0,7.35,12.336
195406,7.23,27.961,33.045,38.135,64.133,30.67,6.1704,10.175,0,6.38,125.647
195407,5.78,26.533,30.086,33.679,74.457,33.211,11.7491,7.147,0,4.97,239.015
195408,4.89,26.609,29.378,32.153,70.157,33.532,13.1215,5.542,0,4.09,266.367
195409,5.11,25.646,29.07,32.493,62.005,31.88,9.7519,6.821,0,4.05,237.22
195410,6,19.44,25.05,30.659,32.416,23.506,2.4044,11.184,0,4.01,32.496
195411,6.01,11.819,19.663,27.562,11.016,15.231,0,15.746,0.0788,3.44,0
195412,4.87,9.489,16.82,24.228,24.121,13.969,0.6547,14.717,1.3528,2.74,0.793
195501,4.97,8.956,16.637,24.34,26.702,12.442,1.5051,15.385,1.6056,2.95,10.035
195502,6.07,10.326,18.983,27.655,18.861,13.445,1.2516,17.291,0.116,3.95,17.404
195503,7.34,18.374,26.728,35.129,25.046,13.269,1,16.734,0,5.64,1.666
195504,8.58,21.381,29.778,38.166,22.117,15.289,1,16.737,0,6.92,3.589
195505,8.7,26.98,34.205,41.437,32.06,23.245,1.0025,14.459,0,7.56,3.013
195506,7.38,28.046,33.167,38.351,60.857,31.243,5.9482,10.291,0,6.43,115.508
195507,5.64,25.398,28.892,32.426,77.754,33.366,15.1566,7.007,0,4.81,455.071
195508,5.13,25.769,28.871,32.056,70.774,33.332,10.5556,6.272,0,4.31,145.551
195509,5.32,24.803,28.627,32.527,62.434,31.843,7.1211,7.725,0,4.27,102.924
195510,5.5,21.095,26.13,31.223,46.243,24.207,3.8849,10.127,0,3.91,103.201
195511,5.62,14.341,21.296,28.293,24.05,15.996,0.7945,13.949,0,3.38,2.464
195512,4.94,9.303,16.843,24.384,25.048,13.969,0.9081,15.058,0.9137,2.77,1.032
195601,4.9,9.146,16.447,23.774,23.891,12.903,1.578,14.628,0.4545,2.85,18.073
195602,5.99,11.072,19.081,27.129,14.806,13.104,1.3051,16.033,0.1415,3.82,14.554
195603,6.98,17.736,25.72,33.777,30.869,12.82,1.0822,16.04,0,5.41,6.348
195604,8.54,23.642,31.81,40.062,23.891,16.462,1.0396,16.42,0,7.14,7.222
195605,8.63,27.072,34.202,41.362,42.533,23.806,2.5817,14.289,0,7.52,57.341
195606,7.03,25.516,30.601,35.66,69.924,28.943,8.1709,10.144,0.0064,6.04,248.107
195607,6.09,25.839,29.861,33.923,74.228,32.291,11.7151,8.063,0,5.26,200.889
195608,5.25,25.803,28.948,32.169,68.526,33.391,14.37,6.363,0,4.35,355.115
195609,5.4,23.964,27.895,31.85,59.978,31.647,11.61,7.885,0,4.24,381.274
195610,5.46,21.125,26.06,31.038,45.824,24.109,4.2445,9.896,0,3.87,75.147
195611,5.54,13.376,20.294,27.244,23.393,16.11,1,13.871,0.0293,3.29,28.609
195612,4.93,10.744,18.029,25.363,24.816,13.969,1.9277,14.621,0,2.83,5.463
195701,4.67,10.203,17.154,24.123,36.321,13.537,2.3525,13.876,0,2.83,14.262
195702,5.71,11.05,18.534,26.04,21.442,13.21,1,14.955,0.1165,3.64,4.013
195703,7.04,15.904,24.233,32.574,30.015,11.936,1.5592,16.671,0.0739,5.34,12.973
195704,8.64,22.431,30.903,39.388,18.496,14.917,0.7628,16.942,0,7.12,0.763
195705,8.97,27.829,35.359,42.872,27.712,24.674,1,15.042,0,7.89,3.437
195706,7.79,28.672,34.121,39.632,51.637,31.661,5.6156,10.961,0,6.74,114.164
195707,5.79,26.411,29.976,33.56,75.064,33.465,15.4276,7.15,0,4.96,383.79
195708,5.32,26.404,29.64,32.928,67.287,33.431,11.1359,6.523,0,4.47,214.378
195709,5.54,25.556,29.474,33.389,53.265,31.78,7.2391,7.832,0,4.36,141.469
195710,6.18,21.526,27.168,32.795,26.514,23.906,1.1151,11.246,0,4.22,5.012
195711,6.17,13.62,21.544,29.506,9.868,16.387,0,15.886,0.045,3.64,0
195712,4.91,11.183,18.268,25.436,24.999,14.416,1.1641,14.254,0,2.81,1.358
195801,4.86,11.599,18.123,24.725,22.586,13.8,1.987,13.129,0,2.83,27.529
195802,5.68,13.015,20.267,27.573,23.49,13.904,1.0885,14.536,0,3.76,11.953
195803,7.4,17.667,26.255,34.896,24.347,13.071,1.4134,17.23,0,5.66,19.093
195804,8.56,23.488,31.863,40.292,26.741,16.686,1.1591,16.781,0,7.24,13.961
195805,8.75,27.8,35.144,42.491,34.525,24.317,0.89,14.689,0,7.76,2.686
195806,7.82,29.899,35.433,40.958,52.145,32.929,5.1753,11.058,0,6.96,146.833
195807,6.34,26.616,30.775,34.955,74.424,33.311,14.7403,8.316,0,5.45,335.223
195808,5.04,25.973,28.958,31.946,72.248,33.709,14.4999,5.958,0,4.21,258.619
195809,5.17,25.28,28.858,32.496,61.045,31.804,8.4539,7.217,0,4.15,231.644
195810,5.73,21.454,26.916,32.376,42.43,24.208,3.7302,10.923,0,4.13,158.398
195811,5.66,15.505,22.471,29.498,24.339,16.401,0.1529,13.995,0.0023,3.49,0.153
195812,4.83,11.242,18.196,25.218,29.469,13.969,0.0404,13.978,0,2.77,0.04
195901,4.62,10.43,16.923,23.446,32.061,13.042,2.5803,13.015,0,2.72,75.615
195902,5.73,10.896,18.767,26.668,25.719,13.715,0.9093,15.749,0.1585,3.76,1.276
195903,7.3,16.526,25.107,33.693,24.103,13.157,0.2498,17.144,0,5.51,0.262
195904,8.33,23.243,31.222,39.247,28.166,15.717,0.1565,15.992,0,6.98,0.157
195905,8.67,26.669,33.918,41.187,36.438,24.187,2.2827,14.521,0,7.54,15.53
195906,7.82,27.665,33.526,39.441,60.552,30.793,4.4573,11.775,0,6.92,104.482
195907,5.92,26.585,30.346,34.109,76.058,33.211,13.1869,7.521,0,5.11,242.679
195908,5.16,26.338,29.423,32.535,70.774,33.532,13.449,6.197,0,4.32,278.981
195909,5.22,24.948,28.559,32.211,60.279,31.383,9.5644,7.251,0,4.13,269.699
195910,5.34,21.297,26.1,30.938,48.508,24.497,5.2869,9.642,0,3.81,178.315
195911,5.81,13.899,21.278,28.694,19.098,16.599,0,14.796,0.0293,3.48,0
195912,5.01,9.578,17.216,24.916,22.672,13.969,0.0039,15.337,0.5782,2.83,0.004
196001,5.13,9.531,17.251,25.006,19.125,12.766,0.7436,15.476,1.7758,3.01,1.321
196002,6.25,12.805,20.761,28.741,8.369,14.118,0.2,15.933,0,3.97,0.2
196003,6.91,15.781,23.993,32.251,36.853,12.919,1.6835,16.416,0.047,5.26,23.665
196004,8.68,23.097,31.619,40.113,19.786,16.056,1,16.991,0,7.26,5.705
196005,8.86,26.565,34.102,41.648,33.723,24.028,0.592,15.058,0,7.71,1.375
196006,7.72,28.838,34.322,39.838,56.004,31.42,5.1114,11.001,0,6.79,87.591
196007,5.81,26.074,29.708,33.365,75.972,33.411,13.9099,7.292,0,4.98,292.11
196008,5.09,26.768,29.802,32.869,72.074,33.651,14.6651,6.1,0,4.33,374.335
196009,5.15,25.342,28.865,32.402,61.521,31.905,8.1197,7.059,0,4.09,176.153
196010,5.79,21.494,26.775,32.093,37.806,24.172,2.5468,10.598,0,4.06,46.258
196011,5.85,13.419,20.775,28.193,16.165,16.05,0.1266,14.773,0.0653,3.43,0.127
196012,5.06,10.202,17.737,25.326,20.682,13.969,0,15.125,0.4785,2.86,0
196101,4.81,10.357,17.412,24.489,31.199,12.954,1.6172,14.133,0,2.89,17.661
196102,5.46,10.751,18.335,25.919,34.075,12.56,2.6637,15.131,0.1026,3.65,55.111
196103,7.01,17.359,25.474,33.629,31.161,14.385,0.2031,16.246,0,5.41,0.206
196104,8.55,22.414,30.727,39.025,22.622,16.15,0,16.54,0,7.02,0
196105,8.58,27.304,34.238,41.188,34.829,23.489,1.0258,13.882,0,7.42,5.803
196106,7.43,26.527,31.88,37.252,61.339,30.793,6.9308,10.724,0,6.38,190.008
196107,5.77,26.042,29.652,33.288,74.575,33.413,12.2496,7.248,0,4.96,232.88
196108,5.11,26.35,29.435,32.546,71.23,33.636,14.5239,6.197,0,4.33,323.081
196109,5.2,25.258,28.852,32.52,62.175,31.943,9.5302,7.264,0,4.15,227.274
196110,5.5,21.519,26.344,31.214,42.661,24.508,3.5253,9.673,0,3.85,87.272
196111,5.57,13.501,20.383,27.294,26.118,15.93,1,13.793,0.0563,3.28,3.209
196112,4.7,6.775,14.179,21.606,28.003,12.959,1.5064,14.833,3.9384,2.53,4.304
196201,4.82,7.568,14.901,22.257,20.492,12.077,1.6922,14.688,4.0009,2.72,19.577
196202,5.6,11.549,19.19,26.889,29.649,13.715,1.3271,15.341,0.0067,3.75,13.662
196203,7.24,15.37,23.958,32.546,24.526,12.919,1.024,17.175,0.0649,5.38,4.727
196204,8.59,21.716,30.292,38.934,26.456,15.717,1,17.194,0,7.1,5.526
196205,8.56,25.775,32.847,39.968,34.024,23.489,1.0243,14.177,0,7.29,3.267
196206,7.34,27.831,33.019,38.273,60.638,32.291,5.7151,10.442,0,6.45,118.354
196207,6.09,26.835,30.595,34.43,70.673,34.413,12.2484,7.572,0,5.16,242.807
196208,4.93,25.933,28.714,31.517,69.623,33.611,14.6544,5.56,0,4.06,265.775
196209,5.25,24.861,28.484,32.133,59.187,31.944,9.6844,7.248,0,4.13,289.263
196210,5.84,19.895,25.362,30.844,34.388,23.581,1.5599,10.948,0,3.99,23.816
196211,5.95,13.948,21.35,28.792,12.052,16.015,0,14.831,0.0585,3.51,0
196212,4.99,9.933,17.241,24.614,22.745,13.829,1.3339,14.661,0.9023,2.77,2.844
196301,5.22,6.85,15.168,23.465,13.762,11.807,1.0051,16.556,4.9005,2.92,6.46
196302,6.43,11.98,20.514,29.089,3.415,13.62,1,17.086,0.0197,4.1,3.319
196303,7.06,16.582,24.478,32.423,25.832,12.718,2.3078,15.815,0.018,5.22,35.967
196304,8.25,22.146,29.944,37.765,25.652,15.543,1.0523,15.619,0,6.7,4.295
196305,8.31,25.502,32.165,38.875,33.919,23.348,3.339,13.344,0,7,56.694
196306,7.38,27.122,32.32,37.546,55.965,30.912,5.523,10.422,0,6.35,142.432
196307,5.8,26.073,29.634,33.206,71.764,33.591,13.4097,7.135,0,4.91,330.579
196308,4.94,26.462,29.233,32.042,68.689,33.709,13.7842,5.579,0,4.1,329.476
196309,5.36,24.595,28.347,32.149,55.541,32.332,8.3271,7.554,0,4.19,185.481
196310,5.64,21.942,26.882,31.859,35.846,24.111,4.1995,9.895,0,3.93,104.746
196311,5.52,15.258,21.964,28.72,26.35,16.913,1,13.462,0,3.38,15.187
196312,5.32,10.057,18.392,26.77,21.179,13.969,0.0404,16.712,0.638,3.04,0.04
196401,5.13,8.788,16.344,23.976,17.725,12.889,0.1889,15.168,1.8712,2.91,0.189
196402,5.79,11.322,19.078,26.856,19.738,13.715,1,15.534,0.1962,3.75,5.071
196403,7.32,17.472,25.981,34.517,24.508,13.688,1,17.022,0,5.61,4.818
196404,8.29,23.364,31.125,38.877,27.838,16.02,1.0812,15.513,0,6.87,13.623
196405,8.66,24.938,32.177,39.46,33.576,22.859,1.6352,14.485,0,7.28,13.901
196406,7.7,27.307,32.855,38.471,55.279,30.874,6.007,11.163,0,6.66,144.898
196407,5.59,24.761,28.173,31.608,74.991,32.032,14.5815,6.848,0,4.67,350.918
196408,5.07,26.341,29.321,32.374,68.374,33.532,14.8813,6.036,0,4.26,409.209
196409,5.08,25.375,28.796,32.204,59.221,32.006,8.1104,6.815,0,4.03,196.406
196410,6.03,21.538,27.173,32.821,33.74,24.544,2.6797,11.284,0,4.22,52.785
196411,5.73,14.237,21.152,28.103,16.724,16.315,1,13.845,0.0405,3.36,13.654
196412,5.06,9.817,17.5,25.247,22.171,13.969,0,15.433,0.8397,2.87,0
196501,5.17,9.427,17.237,25.071,19.419,13.231,1.0008,15.645,0.4194,3.02,1.989
196502,6.05,11.727,19.62,27.527,15.323,13.814,0.7143,15.778,0.0094,3.83,2.101
196503,7.15,15.294,23.577,31.909,25.208,12.919,1.0308,16.613,0.1321,5.23,7.9
196504,8.27,20.593,28.722,36.922,28.02,15.364,1.6289,16.328,0,6.71,26.661
196505,8.68,25.194,32.532,39.89,29.354,23.777,1.207,14.683,0,7.39,7.847
196506,8.07,28.27,34.264,40.3,50.485,33.078,3.5862,12.029,0,7.09,51.708
196507,5.85,26.456,29.989,33.579,71.888,33.211,13.9792,7.122,0,4.95,315.863
196508,5.63,25.555,29.189,32.854,66.713,33.532,10.0352,7.299,0,4.66,161.529
196509,5.74,23.727,28.129,32.571,55.239,31.78,6.8227,8.839,0,4.52,151.471
196510,5.79,21.273,26.551,31.87,34.181,24.107,2.185,10.598,0,4.03,37.094
196511,5.81,15.17,22.145,29.176,17.565,16.599,1,14.006,0,3.46,3.572
196512,5.25,7.783,16.056,24.352,16.36,13.495,1.0911,16.568,2.6279,2.84,1.364
196601,4.96,8.995,16.38,23.795,19.141,12.79,2.1048,14.8,1.6943,2.88,36.231
196602,6.16,12.435,20.684,28.969,15.214,14.602,1,16.535,0,4.03,19.382
196603,7.26,17.154,25.321,33.491,20.392,13.032,0,16.313,0,5.41,0
196604,8.64,23.306,31.587,39.914,18.658,16.115,0.2732,16.592,0,7.15,0.281
196605,8.89,26.926,34.264,41.679,28.165,24.615,0.5621,14.752,0,7.64,1.429
196606,7.47,28.353,33.61,38.894,57.991,30.654,6.1321,10.54,0,6.55,110.882
196607,6.15,26.871,30.736,34.622,70.455,33.779,8.2415,7.752,0,5.23,126.038
196608,5.01,26.033,28.892,31.824,68.757,33.303,10.6947,5.79,0,4.13,185.472
196609,5.55,25.14,29.029,32.931,50.811,31.78,5.067,7.788,0,4.33,70.867
196610,6.22,20.739,26.594,32.489,24.954,23.661,1.014,11.75,0,4.25,4.637
196611,5.76,16.454,23.376,30.335,20.741,17.296,1,13.845,0,3.56,27.657
196612,5.1,9.747,17.171,24.621,18.662,13.969,2.3541,14.852,0.3294,2.78,8.885
196701,5.05,9.722,17.053,24.436,17.083,12.903,1.0734,14.712,1.512,2.91,11.545
196702,6.37,12.643,20.916,29.189,7.192,14.52,0.2507,16.546,0,4.05,0.25
196703,6.86,16.187,23.994,31.828,34.284,12.261,1.9117,15.621,0.0917,5.12,31.96
196704,8.48,20.846,29.183,37.58,22.272,15.547,1.0212,16.734,0.0024,6.85,8.544
196705,8.63,26.076,33.323,40.609,32.798,23.804,1.2917,14.533,0,7.46,8.81
196706,7.78,28.808,34.395,40.057,54.763,32.151,4.4204,11.249,0,6.87,68.673
196707,6.11,26.579,30.416,34.325,72.914,33.211,13.1173,7.748,0,5.19,296.532
196708,4.83,26.242,28.902,31.634,70.4,33.532,16.0448,5.391,0,3.99,436.438
196709,5.4,24.911,28.698,32.537,56.766,31.78,8.1958,7.625,0,4.25,153.338
196710,6.12,19.957,25.638,31.332,26.827,23.89,1.3162,11.375,0,4.09,15.651
196711,5.68,13.83,20.708,27.637,15.819,15.966,0,13.806,0.0495,3.31,0
196712,4.85,11.064,18.373,25.706,32.254,14.671,1.6091,14.62,0,2.86,2.667
196801,4.75,9.443,16.366,23.268,30.577,12.693,1.8141,13.802,1.0587,2.77,31.198
196802,5.72,10.959,18.615,26.274,21.721,13.265,1,15.299,0.1814,3.67,4.985
196803,7.07,16.477,24.646,32.817,27.806,12.885,0.8706,16.329,0,5.34,1.494
196804,8.27,21.933,29.859,37.8,26.052,15.328,1,15.866,0,6.76,2.828
196805,8.73,26.042,33.292,40.577,31.956,24.185,0.8649,14.533,0,7.44,1.575
196806,6.96,27.031,31.745,36.499,63.11,30.931,6.5729,9.444,0,5.97,164.597
196807,5.65,26.019,29.481,32.967,75.578,33.211,12.6942,6.933,0,4.83,275.458
196808,5.35,25.564,28.899,32.286,66.972,33.583,13.3415,6.721,0,4.47,304.779
196809,5.61,25.568,29.568,33.605,53.872,32.048,5.8665,8.038,0,4.46,74.22
196810,5.64,21.129,25.94,30.789,34.131,24.113,3.8192,9.637,0,3.8,76.132
196811,5.69,14.546,21.5,28.472,19.884,16.501,0.5501,13.928,0.0068,3.39,1.102
196812,5.03,9.606,17.086,24.577,21.306,13.721,1.1318,14.968,0.7386,2.79,3.666
196901,5.25,7.816,16.083,24.38,16.124,12.742,1.0051,16.542,1.7325,3,4.773
196902,6.06,11.935,20.281,28.653,18.497,14.52,1.0859,16.72,0,4.02,19.79
196903,7.4,18.011,26.645,35.293,26.234,14.611,1.0003,17.258,0,5.73,2.77
196904,8.45,23.237,31.185,39.195,24.359,16.234,1.0017,15.961,0,6.98,9.871
196905,8.62,25.434,32.68,39.966,37.042,22.978,2.7466,14.533,0,7.35,38.173
196906,7.64,27.912,33.451,39.014,56.144,31.42,5.5364,11.1,0,6.72,162.973
196907,5.77,26.578,30.065,33.599,74.357,33.399,15.1117,7.024,0,4.93,352.299
196908,5.07,25.73,28.669,31.656,69.143,33.53,13.8324,5.925,0,4.17,310.894
196909,5.14,24.748,28.349,31.957,61.601,31.828,8.7422,7.209,0,4.09,199.641
196910,5.86,21.485,26.824,32.203,32.265,24.007,1.3159,10.692,0,4.08,12.982
196911,5.71,15.859,22.816,29.828,22.93,17.523,1,13.97,0,3.52,19.137
196912,5.19,9.569,17.559,25.622,21.017,13.544,0,16.051,0.442,2.92,0
197001,4.89,10.155,17.129,24.156,24.638,12.903,1.2495,14.002,0.0113,2.84,10.784
197002,5.56,11.637,18.936,26.284,27.382,13.564,1.8412,14.628,0.1043,3.63,21.802
197003,6.87,16.68,24.653,32.711,34.166,12.718,1.0952,16.015,0.0268,5.27,9.124
197004,8.65,23.046,31.503,39.984,21.874,16.051,0.8379,16.922,0,7.21,0.858
197005,8.81,26.412,33.746,41.079,34.058,22.905,1.9167,14.667,0,7.55,18.061
197006,7.32,26.394,31.612,36.897,62.352,29.494,7.6991,10.502,0,6.3,213.678
197007,6.02,25.639,29.526,33.429,72.78,33.411,13.7767,7.766,0,5.12,353.21
197008,5.18,26.061,29.177,32.325,69.425,33.488,12.4021,6.248,0,4.34,242.178
197009,5.11,25.033,28.503,32.041,60.494,31.804,10.9372,7.006,0,4.05,294.866
197010,5.71,21.598,26.628,31.693,35.893,24.109,3.3279,10.096,0,3.95,57.719
197011,5.78,14.009,20.948,27.947,14.599,15.755,0.5121,13.936,0.0225,3.33,0.706
197012,5.22,8.81,16.445,24.18,11.565,13.361,0,15.371,1.5326,2.76,0
197101,4.75,9.191,15.856,22.586,23.959,12.903,1.2818,13.398,0.5435,2.67,23.275
197102,5.74,9.821,17.465,25.146,16.766,13.715,1.2864,15.324,0.2132,3.57,14.838
197103,7.28,15.24,23.918,32.638,25.61,12.546,1.0149,17.396,0.1298,5.4,4.501
197104,7.7,21.307,28.278,35.28,31.235,13.704,1.7064,13.951,0,6.12,25.914
197105,8.12,23.959,30.55,37.184,39.786,21.336,3.4601,13.209,0,6.73,55.889
197106,6.61,25.575,30.134,34.717,69.904,28.977,9.0612,9.104,0,5.68,375.568
197107,5.48,25.21,28.479,31.79,75.004,31.478,13.7269,6.581,0,4.62,372.298
197108,5.36,24.14,27.687,31.274,72.794,31.712,16.7197,7.122,0.0099,4.49,415.935
197109,5.68,24.027,28.326,32.678,55.255,31.675,8.7929,8.651,0,4.5,116.343
197110,5.51,21.334,26.141,31.013,41.058,24.109,4.4393,9.68,0,3.82,114.618
197111,5.42,14.32,20.56,26.883,21.542,16.465,0.4033,12.564,0.0315,3.15,0.413
197112,4.97,9.687,16.916,24.218,20.109,13.77,0,14.529,0.2369,2.72,0
197201,5.12,8.317,15.843,23.389,16.34,12.57,1.2021,15.048,3.1108,2.84,8.169
197202,5.44,9.492,16.923,24.372,27.332,12.87,2.5403,14.859,0.3184,3.46,76.339
197203,7.52,15.151,24.659,34.208,27.582,12.05,0.9767,19.057,0.0918,5.74,2.346
197204,8.85,20.941,29.951,39.004,20.062,15.517,1.2993,18.063,0,7.21,22.978
197205,9.95,24.653,33.944,43.267,19.089,22.778,1.2118,18.613,0,8.53,4.915
197206,9.07,26.398,33.95,41.517,46.016,30.626,3.566,15.116,0,7.89,29.763
197207,7.01,24.971,30.05,35.185,66.698,33.662,12.0907,10.213,0,5.93,181.705
197208,6.21,24.888,29.299,33.731,64.489,33.12,14.4817,8.827,0,5.17,293.8
197209,6.18,22.76,27.74,32.759,51.321,30.555,7.9565,9.999,0.0099,4.77,163.254
197210,6.18,19.314,25.386,31.476,29.127,22.438,4.9898,12.163,0.0099,4.21,171.691
197211,5.82,13.759,21.288,28.856,20.34,16.213,1,15.098,0.0563,3.52,19.115
197212,5.06,8.737,16.782,24.882,25.725,14.137,0.5405,16.146,1.6356,2.87,0.54
197301,5.08,8.422,16.382,24.337,21.364,13.389,2.2704,15.877,1.0227,2.96,54.799
197302,5.93,12.007,19.997,28.029,22.09,13.715,1.0546,15.986,0.1462,3.89,5.224
197303,7.58,13.928,23.651,33.414,27.348,12.308,1.003,19.483,0.204,5.67,3.416
197304,9.58,20.577,31.14,41.762,19.015,16.533,0.9151,21.185,0,8.01,1.047
197305,8.36,26.404,33.116,39.836,37.017,23.348,1.0093,13.432,0,7.14,8.738
197306,8.1,25.478,31.932,38.443,59.357,30.971,6.1277,12.963,0.0003,7.03,179.579
197307,6.78,24.871,29.837,34.8,71.585,32.159,12.3838,9.929,0,5.82,258.697
197308,6.38,24.443,29.289,34.138,68.128,33.453,13.7085,9.677,0,5.4,323.327
197309,5.92,23.65,28.525,33.44,62.092,31.78,10.3348,9.767,0,4.8,228.732
197310,6.04,20.19,26.401,32.694,44.428,24.111,4.9898,12.5,0.0069,4.38,219.014
197311,5.72,13.923,21.124,28.377,21.15,16.29,1,14.431,0.0811,3.44,7.699
197312,5.1,9.348,17.098,24.892,21.114,13.517,0.131,15.542,2.6134,2.85,0.155
197401,5.21,7.542,15.767,24.012,18.831,12.345,1.0051,16.443,3.3717,2.97,7.422
197402,5.89,10.647,18.521,26.462,15.571,13.29,1,15.814,0.2038,3.73,4.304
197403,6.93,16.929,24.863,32.821,30.069,13.205,1.0285,15.89,0,5.28,3.869
197404,8.46,22.679,30.939,39.241,27.836,16.231,1,16.539,0,7.06,3.239
197405,9.63,23.64,32.785,41.966,32.941,23.048,1.8018,18.326,0,8.28,16.249
197406,8.43,26.607,33.409,40.233,56.227,30.719,4.7907,13.604,0,7.42,116.774
197407,6.34,25.153,29.436,33.737,71.912,32.746,15.8968,8.562,0.0041,5.36,493.386
197408,6.8,23.447,29.021,34.651,66.993,32.283,11.9263,11.201,0.0099,5.78,222.339
197409,6.43,23.371,28.963,34.587,53.605,31.78,7.6822,11.219,0.0041,5.18,142.453
197410,6.05,21.794,27.491,33.21,35.852,24.937,3.3338,11.416,0,4.28,96.871
197411,6.02,13.349,20.989,28.63,15.449,16.136,1,15.257,0.0563,3.51,3.686
197412,4.97,7.458,15.214,23.012,21.377,13.145,0.9518,15.531,3.5545,2.68,1.193
197501,4.93,7.891,15.693,23.486,24.451,12.329,2.2362,15.595,3.5429,2.89,62.599
197502,5.31,12.648,19.202,25.818,28.394,13.992,1.2978,13.17,0,3.45,10.818
197503,6.63,17.238,24.496,31.792,32.102,12.89,1.4979,14.554,0,5.01,17.511
197504,8.28,22.988,30.73,38.491,21.747,16.051,1,15.502,0,6.79,1.949
197505,8.94,26.011,33.574,41.184,30.321,23.754,1.6286,15.174,0,7.66,17.779
197506,7.65,26.991,32.524,38.11,57.944,30.616,5.9063,11.118,0,6.59,68.205
197507,6.12,24.883,28.904,32.94,71.997,31.97,15.5929,8.034,0.0041,5.14,374.362
197508,5.69,25.138,28.977,32.812,67.66,32.942,9.2049,7.67,0,4.78,131.749
197509,5.01,25.021,28.393,31.794,61.726,31.98,8.726,6.748,0,3.97,231.905
197510,5.33,22.776,27.24,31.725,42.253,25.181,2.6752,8.926,0,3.77,60.418
197511,5.16,15.872,21.038,26.228,19.901,15.631,0.9556,10.354,0,2.89,1.72
197512,4.87,9.815,16.518,23.223,17.205,13.556,0,13.408,1.3293,2.59,0
197601,4.85,9.56,16.5,23.433,20.752,13.117,1.1817,13.87,0.787,2.79,8.828
197602,5.57,13.114,20.108,27.12,24.088,13.715,1.2026,13.992,0,3.68,28.427
197603,7.08,16.893,25.05,33.209,30.404,12.82,0.5342,16.316,0,5.37,0.535
197604,8.32,22.081,29.879,37.697,22.768,15.016,1.3726,15.602,0,6.71,22.363
197605,8.45,25.44,32.442,39.456,35.333,23.448,1.4729,13.975,0,7.19,11.268
197606,7.32,27.76,32.816,37.912,55.9,30.641,5.3356,10.151,0,6.35,98.121
197607,5.72,26.377,29.785,33.197,71.165,32.653,12.5159,6.823,0,4.82,277.386
197608,5.14,25.71,28.744,31.831,67.659,32.435,12.2088,6.121,0,4.24,234.549
197609,5,24.99,28.296,31.618,59.383,31.398,11.658,6.603,0,3.92,401.65
197610,6.03,21.277,26.71,32.141,24.283,23.989,0.8877,10.864,0,4.1,1.135
197611,5.64,16.442,22.901,29.406,19.211,18.439,0.0404,12.945,0,3.4,0.04
197612,5.12,9.958,17.244,24.562,16.286,13.969,0,14.602,1.4136,2.77,0
197701,4.79,9.475,16.102,22.779,21.062,13.053,1.0051,13.303,0.2849,2.67,3.068
197702,5.9,11.823,19.521,27.28,14.176,13.417,1,15.457,0.0259,3.79,8.578
197703,7.48,17.578,26.271,34.992,23.239,13.688,0.8055,17.414,0,5.69,0.823
197704,8.02,22.839,30.114,37.416,30.084,15.207,1.5395,14.578,0,6.51,34.471
197705,8.09,24.136,30.651,37.17,39.444,21.467,3.7696,13.034,0,6.7,94.51
197706,6.9,27.281,31.913,36.596,59.674,30.67,5.9883,9.291,0,5.95,109.294
197707,5.39,26.106,29.245,32.444,75.667,34.01,16.7292,6.338,0,4.59,400.485
197708,5.06,26.303,29.29,32.322,69.499,33.53,11.037,6.017,0,4.26,258.81
197709,5.18,25.675,29.152,32.665,57.997,31.781,8.0181,6.989,0,4.11,209.703
197710,5.55,21.305,26.067,30.874,35.67,24.172,3.1622,9.568,0,3.8,71.478
197711,5.52,16.499,23.033,29.585,27.321,17.722,1,13.085,0,3.42,25.16
197712,4.67,10.365,16.669,22.999,26.296,13.969,2.0583,12.596,0.1452,2.53,9.714
197801,4.71,8.621,15.377,22.168,25.032,12.471,1.1883,13.544,2.8089,2.64,13.143
197802,5.25,12.159,18.677,25.232,29.627,13.712,2.7731,13.037,0.0054,3.4,68.817
197803,6.85,15.042,23.024,31.081,32.44,11.661,1.8987,16.015,0.2179,5.06,31.667
197804,8.07,21.696,29.435,37.148,27.692,15.328,1.5324,15.451,0,6.61,34.108
197805,8.32,26.754,33.502,40.278,38.299,24.136,1.3417,13.521,0,7.22,9.702
197806,6.93,27.436,32.088,36.8,64.321,30.743,8.2218,9.362,0,5.99,212.256
197807,5.19,26.484,29.37,32.24,74.357,33.466,12.1403,5.731,0,4.39,252.348
197808,5.02,26.348,29.316,32.311,71.537,33.938,13.1119,5.949,0,4.26,275.163
197809,4.62,25.984,28.743,31.541,62.252,30.961,11.5782,5.557,0,3.63,350.671
197810,5.27,21.985,26.289,30.621,38.458,24.402,3.7039,8.637,0,3.63,81.096
197811,5.32,16.832,22.554,28.305,22.746,17.448,0.8618,11.46,0,3.17,4.086
197812,4.69,10.761,17.102,23.444,25.255,14.166,2.1813,12.684,0,2.56,10.07
197901,4.82,10.601,17.214,23.867,25.211,13.624,1.4398,13.266,0,2.77,19.958
197902,5.01,11.016,17.271,23.551,34.097,12.892,1.8626,12.534,0.0488,3.2,19.002
197903,6.97,16.078,24.234,32.386,29.105,12.718,0.6187,16.285,0.0447,5.27,0.689
197904,8.11,22.8,30.379,37.967,25.284,15.517,1.0731,15.165,0,6.67,13.276
197905,9.11,26.21,34.022,41.812,27.531,23.169,1.0125,15.603,0,7.84,4.196
197906,7.6,27.829,33.138,38.484,51.661,31.65,5.1459,10.656,0,6.52,86.98
197907,5.61,27.046,30.357,33.644,71.596,33.011,15.4442,6.598,0,4.8,414.2
197908,5.41,27.33,30.617,33.905,66.538,33.532,12.1029,6.575,0,4.57,204.848
197909,5.74,24.274,28.401,32.533,48.92,31.476,6.5487,8.258,0,4.39,114.476
197910,5.76,22.266,27.295,32.315,29.391,25.033,2.0197,10.032,0,4,39.961
197911,5.32,18.197,23.96,29.785,25.983,19.267,1,11.587,0,3.28,36.392
197912,4.53,12.823,18.519,24.277,32.111,15.195,1.9269,11.455,0,2.54,8.508
198001,4.77,10.169,16.811,23.505,25.37,13.189,1.2135,13.335,0,2.74,15.033
198002,5.59,12.79,19.828,26.935,24.8,13.967,1.2974,14.143,0,3.65,6.74
198003,6.7,16.728,24.308,31.926,33.637,12.897,1.3745,15.197,0,5.09,17.24
198004,8.57,23.77,31.986,40.217,21.73,16.499,0.4391,16.422,0,7.18,0.439
198005,8.2,27.06,33.394,39.796,37.908,23.877,1.9082,12.734,0,6.99,20.743
198006,6.45,27.774,31.905,36.096,69.155,29.075,8.3022,8.309,0,5.64,217.585
198007,5.15,26.924,29.728,32.62,76.37,31.663,14.5648,5.696,0,4.38,329.932
198008,5.32,25.517,28.819,32.166,68.98,33.532,15.1649,6.648,0,4.42,266.59
198009,5.2,25.087,28.671,32.293,59.266,31.162,6.6858,7.206,0,4.11,92.36
198010,5.42,21.863,26.363,30.917,36.35,24.521,2.0453,9.052,0,3.71,20.421
198011,5.97,14.569,22.127,29.745,16.779,16.599,0.781,15.176,0.0203,3.6,2.116
198012,5,10.368,17.655,24.989,23.225,13.971,0.8396,14.62,0,2.79,0.889
198101,4.48,9.753,15.914,22.092,31.493,13.214,1.6017,12.338,1.0238,2.58,17.416
198102,5.55,12.056,19.246,26.498,26.74,14.286,1.165,14.443,0,3.65,8.853
198103,6.74,16.724,24.304,31.949,34.516,13.131,1.4703,15.213,0.0649,5.1,24.607
198104,8.1,21.601,29.194,36.813,27.293,15.615,1.0943,15.211,0,6.51,8.471
198105,8,25.548,31.896,38.327,38.504,22.06,2.2973,12.778,0,6.79,27.807
198106,7.49,27.753,33.138,38.548,58.066,30.793,4.4441,10.795,0,6.57,55.358
198107,5.48,26.243,29.466,32.689,74.9,32.315,15.2692,6.433,0,4.66,365.294
198108,5.29,26.186,29.403,32.689,66.954,33.611,10.5568,6.505,0,4.44,187.98
198109,5.44,25.485,29.347,33.231,57.889,31.678,8.3113,7.725,0,4.34,175.829
198110,6.57,19.769,26.416,33.089,25.98,23.556,0.6447,13.305,0,4.51,0.645
198111,5.89,13.636,21.125,28.667,18.469,15.903,1,15.033,0.0405,3.5,7.955
198112,4.82,9.645,16.78,23.978,25.06,14.154,1.5159,14.331,1.4122,2.69,2.401
198201,4.95,10.929,17.931,24.999,23.154,13.624,1.8297,14.07,0,2.92,26.212
198202,5.53,12.1,19.107,26.138,28.247,13.379,1.364,14.024,0.0126,3.57,18.986
198203,6.77,15.823,23.569,31.33,32.951,12.008,2.1352,15.506,0.1835,5.05,37.705
198204,8.21,22.23,30.109,37.984,26.422,15.33,1.0884,15.754,0,6.76,13.572
198205,8.73,25.861,33.149,40.459,32.258,23.423,2.4611,14.598,0,7.43,30.465
198206,7.35,27.075,32.346,37.668,59.086,30.13,5.3954,10.593,0,6.4,98.919
198207,6.31,27.562,31.651,35.816,70.608,34.886,10.8093,8.255,0,5.52,193.313
198208,5.49,26.038,29.501,32.98,68.573,33.354,13.7294,6.94,0,4.59,241.444
198209,6.03,24.622,29.3,34.012,51.981,32.52,11.1653,9.388,0,4.78,315.231
198210,5.74,21.412,26.463,31.599,33.446,24.427,1.5702,10.187,0,3.95,24.688
198211,5.67,15.134,22.033,28.948,22.083,16.624,1,13.814,0.0023,3.42,18.08
198212,4.91,9.189,16.526,23.913,25.09,13.969,1.1318,14.723,1.2668,2.73,1.569
198301,4.69,8.884,15.637,22.414,24.63,12.79,1.4906,13.533,2.3151,2.67,18.343
198302,5.65,12.26,19.676,27.117,24.059,13.688,1.1865,14.857,0,3.73,6.927
198303,7.06,16.634,24.813,33.016,30.841,13.337,1.1036,16.359,0.009,5.37,5.488
198304,8.22,21.618,29.429,37.233,26.137,15.366,1.2638,15.591,0,6.64,15.87
198305,8.3,25.278,32.064,38.896,35.596,22.861,3.1363,13.593,0,7.04,47.367
198306,7.84,27.763,33.648,39.56,57.086,31.319,6.0607,11.797,0,6.94,128.606
198307,6.57,25.992,30.478,35.044,70.03,32.579,15.8419,9.053,0,5.64,383.311
198308,5.57,26.426,29.969,33.563,66.263,33.164,11.2608,7.115,0,4.7,176.531
198309,5.2,26.494,29.966,33.465,59.907,31.678,7.1537,6.972,0,4.16,127.362
198310,5.74,21.103,26.333,31.566,38.828,24.377,3.9622,10.464,0,3.99,94.622
198311,5.9,13.588,21.048,28.53,15.419,15.903,0,14.943,0.063,3.48,0
198312,5.06,10.075,17.584,25.099,20.954,13.969,1.1318,15.025,1.0223,2.83,4.112
198401,4.92,9.28,16.423,23.607,23.48,12.903,2.0537,14.312,0.7858,2.81,33.822
198402,5.55,11.082,18.35,25.635,23.872,13.019,1.971,14.551,0.1017,3.57,31.962
198403,7.35,16.907,25.515,34.176,22.462,12.859,1,17.268,0,5.59,2.904
198404,8.3,23.491,31.268,39.079,24.752,15.547,1.1629,15.567,0,6.89,15.695
198405,8.78,26.753,34.038,41.354,35.915,23.873,1.3885,14.602,0,7.58,8.434
198406,7.11,26.267,31.195,36.165,62.662,29.595,8.4693,9.874,0,6.04,246.455
198407,5.67,25.693,29.198,32.754,75.694,33.311,14.3971,7.061,0,4.85,302.303
198408,5.39,25.292,28.68,32.127,66.735,33.252,12.5438,6.836,0,4.49,210.55
198409,5.38,24.673,28.519,32.397,56.326,31.576,11.0302,7.725,0,4.26,382.93
198410,6.17,21.261,27.215,33.212,34.081,24.135,2.5027,11.928,0,4.34,39.444
198411,5.83,13.207,20.474,27.801,15.444,15.943,0.1159,14.571,0.0675,3.38,0.115
198412,4.9,10.356,17.536,24.771,23.168,13.969,0,14.415,0.192,2.76,0
198501,4.65,11.24,17.479,23.755,27.105,12.865,1.2355,12.514,0,2.71,12.417
198502,5.86,11.191,19.031,26.919,17.888,13.715,1,15.726,0.0412,3.77,5.905
198503,7.19,18.67,26.853,35.028,27.023,13.802,0.7384,16.359,0,5.61,0.744
198504,8.42,23.273,31.222,39.163,24.193,16.167,1,15.892,0,6.96,3.062
198505,8.65,26.302,33.466,40.698,34.396,23.348,1.5655,14.394,0,7.43,12.586
198506,7.61,28.226,33.681,39.167,58.971,31.52,5.1563,10.941,0,6.69,89.051
198507,5.56,25.812,29.094,32.405,74.568,32.811,14.5976,6.57,0,4.68,375.293
198508,5.19,26.172,29.275,32.461,69.059,33.507,10.2146,6.272,0,4.35,240.328
198509,5.07,25.628,28.999,32.346,59.83,31.804,8.2346,6.694,0,4.02,175.621
198510,5.95,20.45,26.154,31.896,35.695,23.145,4.1201,11.422,0,4.16,93.612
198511,5.86,14.145,21.609,29.127,18.111,16.599,0.38,14.983,0.018,3.55,0.381
198512,5.01,11.258,18.493,25.773,24.021,14.418,1.1318,14.503,0,2.86,7.884
198601,4.66,10.317,16.435,22.587,23.941,12.903,1.1191,12.268,0.8111,2.6,9.281
198602,5.7,11.454,18.922,26.429,21.481,13.715,1.9861,14.975,0.0174,3.67,25.139
198603,7.02,16.539,24.496,32.453,25.573,12.82,0.9741,15.915,0,5.23,2.427
198604,8.1,22.957,30.378,37.825,25.658,15.717,1.0193,14.844,0,6.6,12.366
198605,8.62,24.627,31.82,39.03,32.876,22.709,2.5612,14.379,0,7.2,22.852
198606,7.87,26.781,32.697,38.65,56.231,30.466,6.007,11.868,0,6.84,133.323
198607,6.08,25.296,29.257,33.182,72.26,31.833,14.2373,7.884,0,5.12,324.182
198608,5.51,25.169,28.636,32.172,65.801,33.039,12.8216,7.001,0,4.53,294.421
198609,5.43,24.161,28.016,31.918,55.421,31.678,8.0535,7.755,0,4.21,171.959
198610,5.66,20.4,25.587,30.789,36.607,23.353,1.8594,10.368,0,3.9,15.234
198611,5.75,15.564,22.784,30.037,24.014,16.599,1,14.449,0,3.57,6.074
198612,4.87,10.064,17.061,24.122,25.543,14.137,1.8046,14.059,0.2359,2.68,7.095
198701,4.94,8.566,16.02,23.514,21.073,12.903,0.9989,14.948,1.2757,2.84,2.78
198702,5.78,13.304,20.719,28.198,21.488,14.005,1.5836,14.893,0,3.84,15.036
198703,7.04,16.46,24.617,32.776,30.622,12.823,1.0879,16.317,0.0179,5.33,8.375
198704,8.17,22.555,30.251,38.012,27.91,16.189,1.0013,15.457,0,6.72,4.788
198705,8.71,25.201,32.601,39.99,32.793,22.919,2.1256,14.787,0,7.42,19.061
198706,7.64,28.79,34.275,39.792,57.429,32.48,4.8157,11.001,0,6.77,143.521
198707,6.06,25.987,29.825,33.7,74.419,34.107,12.863,7.691,0,5.13,272.85
198708,5.03,25.616,28.585,31.56,70.021,33.922,17.0644,5.943,0,4.17,496.829
198709,5.26,25.376,29.026,32.704,58.215,31.905,10.1284,7.305,0,4.2,488.786
198710,5.69,21.435,26.427,31.465,34.538,23.807,4.1667,10.03,0,3.92,118.298
198711,5.64,14.845,21.835,28.887,23.888,16.694,1,14.043,0,3.44,10.409
198712,4.91,10.837,18,25.186,25.199,13.969,1.2139,14.32,0,2.81,1.78
198801,4.94,10.142,17.398,24.703,24.547,13.191,1.0686,14.558,0,2.92,9.041
198802,5.75,12.701,20.147,27.655,23.511,14.165,1.7199,14.953,0,3.8,27.114
198803,6.89,16.789,24.688,32.611,34.006,12.919,1.7498,15.783,0,5.24,26.211
198804,8.31,22.805,30.784,38.786,27.528,16.167,1,15.968,0,6.9,7.288
198805,8.42,26.97,33.796,40.633,38.725,24.242,2.2,13.665,0,7.3,27.476
198806,7.23,26.449,31.558,36.693,62.228,30.006,6.6867,10.223,0,6.2,160.013
198807,5.42,26.611,29.807,33.04,77.118,33.211,12.5281,6.392,0,4.68,212.194
198808,4.9,26.299,29.17,32.056,71.611,33.559,12.5992,5.757,0,4.15,275.904
198809,5.46,26.288,30.188,34.111,57.47,32.491,6.7324,7.823,0,4.45,144.293
198810,5.97,21.862,27.261,32.698,32.932,24.007,2.1942,10.839,0,4.15,36.4
198811,5.71,14.882,21.836,28.794,19.084,16.599,0.612,13.853,0,3.42,1.9
198812,4.93,11.793,18.723,25.685,26.278,15.137,1.1892,13.892,0,2.82,4.119
198901,4.87,8.281,15.502,22.781,24.714,12.753,1.311,14.5,2.7017,2.76,8.587
198902,5.43,11.905,18.96,26.023,28.206,14.285,1.141,14.119,0,3.57,14.477
198903,6.84,17.61,25.284,32.993,31.78,12.968,1,15.361,0,5.24,5.599
198904,8.58,22.406,30.788,39.23,23.242,15.885,0.8534,16.823,0,7.08,1.296
198905,8.79,26.498,33.859,41.22,35.574,23.348,2.6819,14.722,0,7.57,46.47
198906,7.45,26.257,31.645,37.029,60.357,30.127,7.2497,10.772,0,6.37,178.932
198907,6.33,25.373,29.634,33.923,71.758,33.298,12.22,8.551,0,5.39,256.313
198908,5.3,25.342,28.678,32.063,68.998,32.623,12.1895,6.721,0,4.45,261.916
198909,5.13,26.038,29.508,33.03,59.646,31.943,8.3545,6.994,0,4.12,188.701
198910,5.76,22.014,27.244,32.476,37.995,24.111,2.8093,10.45,0,4.05,56.511
198911,5.58,15.377,22.058,28.802,25.959,16.599,1,13.4,0.0045,3.37,8.501
198912,4.88,9.521,16.753,24.007,26.099,13.969,2.7255,14.488,1.2146,2.72,10.766
199001,5.01,9.021,16.703,24.406,23.205,13.751,0.1197,15.36,0,2.95,0.119
199002,5.29,12.915,19.548,26.23,33.4,14.115,2.2192,13.301,0,3.51,32.161
199003,6.51,16.231,23.629,31.028,38.564,12.548,1.1143,14.773,0.0469,4.94,10.409
199004,7.86,23.603,30.713,37.821,31.019,16.05,1,14.206,0,6.51,4.92
199005,8.18,24.851,31.511,38.167,40.378,22.803,2.9507,13.316,0,6.88,49.487
199006,7.44,27.306,32.708,38.145,60.915,30.865,6.4748,10.826,0,6.52,175.932
199007,5.64,25.507,28.964,32.453,75.717,32.128,16.7328,6.944,0,4.78,357.451
199008,5.08,26.07,29.127,32.213,69.587,33.488,11.2317,6.143,0,4.29,239.634
199009,5.01,26.174,29.442,32.766,61.415,31.88,8.8475,6.59,0,4.01,206.716
199010,5.7,20.738,26.016,31.335,39.58,24.109,3.0593,10.596,0,3.99,67.63
199011,5.84,15.057,22.488,29.942,20.364,16.599,0.0598,14.871,0,3.6,0.06
199012,4.88,10.927,17.887,24.9,26.075,14.137,0.0404,13.971,0,2.75,0.04
199101,4.91,9.401,16.557,23.79,22.35,12.828,1.826,14.389,1.7399,2.86,18.792
199102,5.75,12.822,20.306,27.811,22.847,14.541,1.0401,14.953,0,3.8,5.267
199103,7.11,16.75,24.909,33.115,29.294,13.348,1.4473,16.364,0,5.35,27.675
199104,8.3,21.737,29.73,37.772,25.196,15.793,1,16.021,0,6.77,9.113
199105,8.7,26.627,33.789,41.021,34.144,23.725,1.7005,14.394,0,7.48,16.765
199106,7.45,25.903,31.302,36.788,58.741,30.246,6.4077,10.871,0,6.37,113.436
199107,5.9,26.495,30.184,33.919,73.11,33.211,10.8718,7.423,0,5.06,163.679
199108,5.34,25.148,28.487,31.872,68.575,33.657,15.9301,6.721,0,4.43,489.446
199109,5.39,25.031,28.855,32.755,57.506,31.878,8.0707,7.725,0,4.3,164.74
199110,5.82,21.231,26.534,31.852,34.717,23.966,2.0171,10.598,0,4.03,24.887
199111,5.66,14.058,20.994,27.948,20.209,16.641,0.9233,13.845,0,3.33,1.105
199112,4.95,9.6,16.909,24.243,23.054,13.84,2.5437,14.62,0.6694,2.75,8.875
199201,4.86,8.067,15.224,22.456,22.672,12.372,1.5696,14.389,2.506,2.71,20.727
199202,5.52,9.776,17.244,24.752,22.846,12.747,1,14.953,0.1996,3.51,5.904
199203,7.06,17.734,25.915,34.124,29.132,13.944,0.9778,16.364,0,5.49,1.126
199204,8.45,22.842,30.846,38.889,25.191,16.503,1,16.021,0,6.94,4.345
199205,8.62,24.716,31.925,39.157,34.006,22.483,1.5548,14.394,0,7.23,8.737
199206,7.45,27.115,32.531,37.999,58.664,30.925,3.6736,10.871,0,6.51,33.17
199207,5.92,26.981,30.671,34.403,73.11,34.363,11.17,7.423,0,5.12,191.148
199208,5.37,25.733,29.07,32.456,68.575,33.658,9.8425,6.721,0,4.49,154.266
199209,5.41,25.44,29.293,33.177,57.506,31.843,7.2156,7.725,0,4.32,103.491
199210,5.82,21.875,27.157,32.476,34.832,24.082,3.4364,10.598,0,4.08,66.13
199211,5.75,15.592,22.507,29.46,20.209,16.658,0.5023,13.845,0,3.47,0.875
199212,4.97,10.132,17.439,24.75,22.926,13.768,0,14.62,1.0032,2.77,0
199301,4.94,10.31,17.505,24.721,22.672,13.441,1.0301,14.389,0.0064,2.91,10.156
199302,5.84,13.85,21.295,28.803,22.602,14.487,0.2,14.953,0,3.9,0.2
199303,7.11,16.233,24.415,32.62,29.132,12.241,1.2841,16.364,0.1387,5.3,10.422
199304,8.31,21.817,29.819,37.861,25.191,14.705,1.002,16.021,0,6.79,4.268
199305,8.62,26.417,33.601,40.812,34.144,23.407,2.3305,14.394,0,7.46,24.864
199306,7.55,28.39,33.806,39.262,58.715,31.841,4.0813,10.871,0,6.67,37.736
199307,5.98,27.025,30.713,34.446,73.11,33.965,8.7065,7.423,0,5.11,106.023
199308,5.39,25.536,28.871,32.257,68.575,33.657,11.8121,6.721,0,4.47,183.069
199309,5.38,24.941,28.793,32.678,57.506,31.88,10.2993,7.725,0,4.29,261.795
199310,5.85,22.04,27.322,32.641,34.717,25.552,3.1591,10.598,0,4.11,76.072
199311,5.69,14.464,21.402,28.354,20.209,16.727,0.9461,13.845,0,3.37,1.543
199312,4.95,10.347,17.632,24.964,23.054,14.352,0,14.62,0.0535,2.81,0
199401,5,10.565,17.76,24.992,22.672,13.742,2.9235,14.389,0,2.93,61.58
199402,5.7,11.608,19.068,26.574,22.602,13.514,1.7993,14.953,0.069,3.69,21.682
199403,7.15,17.787,25.968,34.173,29.132,13.968,1.2765,16.364,0,5.49,20.771
199404,8.34,21.686,29.667,37.708,25.191,15.598,1.1062,16.021,0,6.75,13.676
199405,8.63,26.276,33.46,40.671,34.144,24.699,1.1635,14.394,0,7.45,9.194
199406,7.54,27.552,32.955,38.424,58.715,31.092,6.6404,10.871,0,6.57,146.994
199407,5.9,25.825,29.537,33.248,73.11,33.211,13.1116,7.423,0,5.01,233.487
199408,5.34,25.445,28.78,32.167,68.575,33.658,13.8151,6.721,0,4.46,303.126
199409,5.37,25.181,29.028,32.904,57.506,31.878,4.1934,7.725,0,4.31,43.515
199410,5.82,21.787,27.068,32.386,34.717,23.981,3.4904,10.598,0,4.07,124.303
199411,5.74,15.475,22.4,29.355,20.209,16.477,0.1512,13.845,0.0113,3.46,0.151
199412,5.02,10.208,17.517,24.851,23.054,13.919,0,14.62,0.6857,2.78,0
199501,4.8,7.794,14.975,22.183,22.672,12.075,1.6229,14.389,3.9746,2.7,14.308
199502,5.75,13.345,20.792,28.3,22.602,14.373,1.7345,14.953,0,3.85,21.64
199503,7.04,16.604,24.62,32.66,29.132,13.019,1.3883,16.036,0.0067,5.27,16.077
199504,8.4,22.334,30.46,38.549,25.191,15.759,0.893,16.192,0,6.91,1.622
199505,8.62,26.16,33.322,40.554,34.144,24.795,1.6695,14.394,0,7.43,17.497
199506,7.59,28.848,34.25,39.719,58.715,33.254,3.602,10.871,0,6.74,28.282
199507,5.89,26.163,29.748,33.418,73.11,33.213,11.1143,7.256,0,4.98,196.284
199508,5.15,25.543,28.653,31.762,68.575,33.657,12.7401,6.197,0,4.28,232.857
199509,5.26,25.206,28.857,32.546,57.506,31.559,8.5124,7.326,0,4.18,200.397
199510,5.76,21.759,26.939,32.157,35.67,24.794,1.478,10.4,0,4.02,10.075
199511,5.62,15.842,22.475,29.147,21.541,16.488,1,13.279,0,3.4,14.428
199512,4.99,10.905,18.19,25.522,24.374,14.407,0.2412,14.62,0,2.84,0.318
199601,4.99,10.04,16.979,23.956,18.191,13.21,1.7841,13.901,0.0158,2.81,27.947
199602,5.68,11.339,18.845,26.375,21.982,13.67,1.2791,14.976,0.1173,3.68,14.463
199603,6.31,18.659,26.139,33.619,60.674,13.919,1,14.96,0,5.28,1.542
199604,8.48,21.286,29.242,37.222,15.349,15.735,1,15.923,0,6.68,3.874
199605,8.53,27.063,33.896,40.74,30.615,24.747,1.0504,13.631,0,7.31,8.581
199606,7.48,26.129,31.563,37.022,59.548,30.363,5.2606,10.871,0,6.39,120.293
199607,5.77,26.126,29.594,33.083,69.625,33.211,11.4361,6.958,0,4.87,197.767
199608,5.2,24.902,28.117,31.409,68.987,33.62,13.9812,6.483,0,4.33,316.225
199609,5.32,25.872,29.495,33.097,53.088,31.878,7.1792,7.223,0,4.21,137.363
199610,5.8,21.488,26.792,32.136,36.906,23.931,4.9969,10.647,0,4.06,150.861
199611,6.09,15.152,22.508,29.926,8.799,17.181,0,14.771,0.0068,3.59,0
199612,5.06,10.301,17.684,25.126,23.367,14.373,0,14.828,0.6329,2.83,0
199701,4.87,8.97,15.8,22.656,19.752,12.903,1.801,13.686,1.1725,2.69,19.628
199702,5.7,10.706,18.176,25.682,17.654,12.83,1.0022,14.953,0.1894,3.6,10.386
199703,6.94,17.457,25.075,32.708,24.829,13.046,1.0082,15.253,0,5.2,3.382
199704,8.3,21.27,29.221,37.163,24.757,15.277,1,15.892,0,6.66,4.849
199705,8.57,25.39,32.453,39.561,28.765,23.346,3.4444,14.173,0,7.24,58.573
199706,7.8,28.552,33.997,39.466,45.187,33.076,4.756,10.914,0,6.71,51.544
199707,5.74,26.349,29.814,33.299,75.056,33.728,12.8335,6.952,0,4.87,187.016
199708,5.4,25.819,29.052,32.339,62.128,33.696,14.0815,6.519,0,4.4,335.063
199709,5.21,24.769,28.393,32.093,60.842,31.865,6.6381,7.325,0,4.12,116.168
199710,5.8,21.283,26.543,31.846,33.148,23.247,2.3011,10.565,0,4.03,37.98
199711,5.77,15.814,22.567,29.36,14.875,16.528,1,13.544,0,3.45,26.824
199712,4.67,11.165,17.992,24.85,36.286,14.537,2.0063,13.664,0,2.72,8.571
199801,4.91,9.277,16.435,23.666,22.947,12.506,1.6862,14.389,2.473,2.82,6.306
199802,5.61,12.886,19.856,26.87,23.719,14.474,1.53,13.971,0,3.64,19.604
199803,6.92,15.098,22.814,30.546,23.019,13.064,1.0926,15.445,0.0694,4.95,6.168
199804,7.64,21.595,29.233,36.896,50.202,16.317,1.0022,15.299,0,6.54,9.471
199805,8.4,25.771,32.633,39.526,31.41,23.405,3.0787,13.756,0,7.15,59.759
199806,7.71,29.548,34.932,40.319,50.701,33.479,3.1966,10.771,0,6.8,28.342
199807,5.71,25.913,29.321,32.708,72.787,33.229,11.6594,6.798,0,4.77,179.812
199808,4.96,26.503,29.452,32.437,73.63,33.657,12.0183,5.92,0,4.24,255.887
199809,5.09,25.904,29.326,32.749,56.805,32.313,8.1814,6.848,0,4.09,162.033
199810,5.72,24.014,28.993,34,36.229,26.854,3.7417,9.986,0,4.13,172.418
199811,5.56,16.519,22.865,29.271,23.421,18.795,1,12.752,0,3.36,21.864
199812,4.98,11.416,18.524,25.645,25.53,13.925,0,14.227,0,2.82,0
199901,4.93,9.421,16.402,23.433,19.429,13.166,1.6221,13.989,0.6983,2.77,24.358
199902,5.73,12.994,20.4,27.83,22.048,14.745,1.1236,14.813,0,3.8,11.34
199903,7.16,17.196,25.502,33.832,27.444,13.617,0.8399,16.638,0,5.49,0.876
199904,8.71,24.134,32.282,40.492,14.047,18.06,0.0053,16.356,0,7.19,0.005
199905,8.67,26.268,33.43,40.662,37.006,23.626,2.2709,14.394,0,7.45,28.552
199906,7.57,27.202,32.591,38.074,56.437,30.836,5.5896,10.871,0,6.53,98.356
199907,5.82,25.907,29.592,33.328,76.69,33.211,12.6667,7.423,0,5.02,267.166
199908,5.01,26.066,29.076,32.137,74.57,33.598,12.8692,6.073,0,4.26,250.604
199909,4.94,25.32,28.771,32.224,67.75,31.868,7.8432,6.906,0,4.05,134.907
199910,5.63,22.488,27.768,33.087,45.234,24.195,2.207,10.598,0,4.15,29.494
199911,5.34,16.201,23.217,30.27,45.173,17.512,0.6192,14.068,0,3.57,0.632
199912,4.82,12.159,18.483,24.844,23.143,15.141,0.1294,12.665,0,2.65,0.129
200001,5.07,10.072,17.103,24.173,16.321,13.596,1.0051,14.098,0,2.84,11.627
200002,5.3,12.359,18.913,25.503,29.644,14.175,1.779,13.124,0,3.42,19.336
200003,7,16.77,24.46,32.189,20.179,13.133,1,15.418,0,5.16,5.407
200004,8.62,23.374,31.375,39.417,12.846,16.462,1.0009,16.021,0,7.02,10.783
200005,8.57,26.232,33.078,39.963,30.317,23.467,1.6357,13.731,0,7.22,8.75
200006,7.36,26.891,32.092,37.351,57.761,30.639,6.0294,10.445,0,6.34,130.913
200007,5.7,27.06,30.446,33.89,71.905,33.211,11.0295,6.831,0,4.89,110.454
200008,5.49,25.997,29.334,32.72,63.681,33.583,11.6172,6.721,0,4.5,128.32
200009,5.17,24.867,28.39,31.966,57.032,31.878,9.4801,7.098,0,4.07,240.098
200010,5.89,22.888,28.141,33.421,29.435,24.395,0.8624,10.52,0,4.18,0.955
200011,5.82,16.984,23.962,30.967,20.761,18.17,0,13.947,0,3.61,0
200012,5.13,10.404,17.903,25.467,21.489,14.037,0.1482,15.051,0.5182,2.87,0.147
200101,5.04,9.448,16.745,24.054,18.676,13.143,1.0051,14.591,1.0736,2.88,2.752
200102,5.71,11.984,19.415,26.89,22.133,14.239,0.9774,14.904,0,3.71,1.617
200103,6.96,16.923,24.84,32.795,29.869,13.019,1.7742,15.855,0,5.26,24.742
200104,8.45,22.834,30.736,38.653,16.927,15.78,1.0004,15.802,0,6.88,10.103
200105,8.64,26.915,33.856,40.862,31.655,23.446,1.7691,13.947,0,7.37,11.725
200106,7.09,26.328,31.188,36.107,61.886,30.292,4.122,9.779,0,6.01,29.482
200107,5.49,25.767,29.154,32.552,78.546,33.302,11.7651,6.786,0,4.74,219.153
200108,5.39,26.266,29.601,32.988,65.4,33.634,12.674,6.721,0,4.54,271.779
200109,5.34,26.137,29.66,33.231,49.694,31.91,4.5103,7.094,0,4.17,48.993
200110,5.64,23.57,28.512,33.466,37.501,25.53,3.609,9.872,0,4.07,91.677
200111,5.88,17.201,24.206,31.27,18.225,18.024,0.0559,14.069,0,3.66,0.056
200112,4.97,12.209,19.316,26.502,30.704,13.919,0.1616,14.293,0.0894,2.91,0.16
200201,4.91,9.272,16.43,23.661,23.118,13.214,1.8117,14.389,0.04,2.83,24.147
200202,5.7,12.936,20.404,27.911,24.079,14.541,1.5021,14.953,0,3.81,11.533
200203,7.26,17.763,25.945,34.15,23.798,13.405,1.0027,16.364,0,5.5,5.137
200204,8.47,22.661,30.656,38.698,20.125,15.774,1,16.021,0,6.91,6.981
200205,8.69,26.958,34.12,41.352,33.217,23.561,1.3801,14.394,0,7.54,10.265
200206,7.7,28.247,33.647,39.118,50.863,30.912,3.7459,10.871,0,6.66,39.194
200207,6.08,27.414,31.102,34.835,68.443,35.166,10.0856,7.423,0,5.16,166.364
200208,5.35,25.693,29.045,32.415,71.473,33.634,13.0337,6.721,0,4.48,275.687
200209,5.4,24.942,28.796,32.681,57.357,31.878,8.8366,7.725,0,4.29,171.331
200210,5.92,21.559,26.839,32.158,28.891,23.981,4.2164,10.598,0,4.06,116.738
200211,5.84,15.471,22.365,29.318,12.71,16.572,1,13.845,0,3.46,15.127
200212,4.84,11.276,18.56,25.895,27.442,13.84,0.1616,14.62,0.2881,2.86,0.16
